0.16802356428827503,0.6681877721681662,0.67719461739481,-0.2221071039631635,0.6340450676007101
1338.355647716925,0.6529016150154908,0.6967392375012857,0.5639534542594722,1.5310792477797142
38797.41408735702,0.6456563062257954,0.6919157487145443,0.679011134825787,1.593908429210726
4821327.289462541,0.6498049186467717,0.7034198346107552,0.9203035794126129,1.904285951986904
2.302395205575439,0.6529016150154908,0.6831274533245228,0.1122533091803055,0.9853148860691798
5247.6664505713925,0.6477333982744204,0.6919157487145443,0.5800490637344683,1.463411880435507
44534.775548860525,0.6477333982744204,0.6957779537260955,0.6877782367115797,1.5922603439677534
1072.0972386838191,0.6529016150154908,0.6919157487145443,0.5345978475393977,1.4723777559592564
14596.822047180704,0.6651575119516957,0.7062567445659604,0.7046509964831931,1.7254043753200976
23733.13925307797,0.6477333982744204,0.6967392375012857,0.6843351344820195,1.613375892744612
208.9792049964959,0.64461569068716,0.679178699175393,0.42235712711315565,1.3178126498657845
85.3643863453645,0.6487698588680115,0.6850920267808299,0.3622598189946606,1.2093526716770808
1508.3315781450603,0.6456563062257954,0.6870499999906606,0.5333206160123312,1.433399285511237
133089340.25461067,0.6435737061661269,0.702470684213586,1.0523366829402556,2.05602757269909
501.6891680850759,0.6466955447492556,0.6870499999906606,0.4632382588362024,1.3304958255666424
0.37127778821792445,0.6732072981636753,0.6870499999906606,-0.09538130917622945,0.8001753347695029
9.501494988730194,0.6610959184056077,0.6890013256612229,0.22691481127713645,1.104443907159886
885165.0013751887,0.6425303607449442,0.6957779537260955,0.8510895223050425,1.8100752202038484
71901507.14990988,0.6320238700983419,0.693850254330627,0.9527486019840712,1.8437209746899201
7219120301784.237,0.6203205675337026,0.6957779537260955,1.3760585956952822,2.4066006536170197
0.3224764535574591,0.6631297268244815,0.6732072981636753,-0.10764405019466483,0.7659895739863288
78.03464631636211,0.6529016150154908,0.6890013256612229,0.3781145719143183,1.3032239829787056
248.20793752870597,0.6508385697776412,0.6880264966902554,0.4295661892909477,1.305837632595512
41911.017770628976,0.6435737061661269,0.6919157487145443,0.6823080716048838,1.5708451920180833
20.94761995601262,0.6610959184056077,0.6870499999906606,0.2884423679500645,1.2044998443232413
12.363133389851328,0.6641443758629773,0.6880264966902554,0.25070535185410253,1.1885889746104528
0.3099878148894552,0.6651575119516957,0.6781874617803009,-0.11423411377275516,0.7564899532011069
929.8018167790558,0.6414856625551401,0.6841105620938139,0.4955181625870566,1.3633098584247618
310866349.0741145,0.6299070740829303,0.6948149575375188,1.0027278308852428,1.9014345509202095
4293.332867580624,0.6559854250918428,0.6976988035225049,0.6060056121586109,1.5467340008289647
36138.10437195535,0.6518708044779307,0.6976988035225049,0.6973353619592392,1.6237002407512067
231.58507682671387,0.6487698588680115,0.6860718413926845,0.4222043620699249,1.307741734217297
1092.7537281675386,0.6508385697776412,0.6928838495549668,0.5183489768076192,1.4077827767224247
62179.038609091534,0.6362421681050833,0.6909459573678048,0.7177748410682699,1.647333449021146
127.70536789285802,0.6549589329275115,0.6928838495549668,0.4021891109548589,1.3115287058884568
2.779986018518321,0.6621135719499985,0.6870499999906606,0.1274857234064142,1.0084164282134735
0.13865388690433889,0.6671792170868159,0.6732072981636753,-0.28224837063128094,0.5846514480623357
798.201149575434,0.6487698588680115,0.6890013256612229,0.49820723255139976,1.3942531053600915
1.4095276363658813,0.6610959184056077,0.6811563277812052,0.06957014172725373,0.9336006190867281
15.781871413630178,0.6559854250918428,0.6860718413926845,0.26070710908475103,1.1257129694842973
396037.1933157168,0.6498049186467717,0.6986566465036651,0.8064112127174398,1.7542958759306913
868.2894986699283,0.6466955447492556,0.6890013256612229,0.5010634597101805,1.3834788817394297
1.89573685232557,0.6600767734095506,0.6811563277812052,0.09269386611689716,0.9619014355084812
0.12762399227589394,0.6752041331883263,0.6811563277812052,-0.3740803223769667,0.552330671004207
0.1812890759431153,0.6732072981636753,0.6691947863698632,-0.6757020170429359,0.22249114745977394
2916.827864121124,0.6508385697776412,0.693850254330627,0.5876401636465376,1.5219096577978395
96.02133987953843,0.6498049186467717,0.6860718413926845,0.365606995580667,1.2210468182209273
0.5556082634347579,0.6651575119516957,0.6801683232633365,-0.043910189368655095,0.8657367363673999
4.62589335003489,0.6559854250918428,0.6801683232633365,0.16951490403554711,1.0382013488929098
7.214423054746036,0.6600767734095506,0.6841105620938139,0.20854724685640588,1.0973238042827318
21.096783214208184,0.6529016150154908,0.6850920267808299,0.27762956663881855,1.1328168081143104
541646232.1200186,0.6372935064540828,0.6986566465036651,1.0870953393104643,2.089122346939388
1340.4634188734433,0.6487698588680115,0.6890013256612229,0.5431720996493227,1.491922541546103
11.725096705511223,0.6508385697776412,0.679178699175393,0.23312694638636883,1.093648920154331
10518.7717048077,0.6466955447492556,0.6909459573678048,0.632924215420564,1.5544136997946874
19772369.934250064,0.6320238700983419,0.6899744811276125,0.9250501051043318,1.8492818567335385
1473.7587380174964,0.6529016150154908,0.693850254330627,0.5287972737163653,1.4321878518139126
5188549.297909102,0.6341355910108007,0.6899744811276125,0.8738703209647573,1.780028623446678
20366.768509240115,0.6456563062257954,0.6919157487145443,0.6474545616618237,1.5382066330952266
4466827.068195556,0.6414856625551401,0.693850254330627,0.9040597695954479,1.8773099745499326
1.5205503393084314,0.6651575119516957,0.6860718413926845,0.07010054463829113,0.9980633225444874
15323876.059062336,0.6372935064540828,0.6976988035225049,0.9280108121124772,1.8409804817936564
0.3125563004282309,0.6621135719499985,0.674206506269306,-0.11190417067038372,0.7462841041463261
96.0989584449093,0.6590561442321027,0.6919157487145443,0.38208757778451197,1.2878385159442487
1662.9165979773613,0.6539309937088769,0.6948149575375188,0.5538187876340472,1.4999128771746062
773.338769028916,0.6498049186467717,0.6860718413926845,0.49936812120027707,1.4062254335629896
16012.565714262913,0.6425303607449442,0.6919157487145443,0.6458370384393219,1.5298334077530136
141443.1762045407,0.6518708044779307,0.7005671424739729,0.7567403232159274,1.6911704156677962
5975113.691242633,0.64461569068716,0.6986566465036651,0.9005429002248201,1.8360398781745282
42.26157006725065,0.6466955447492556,0.6811563277812052,0.31469178508434714,1.1578455188814722
37.5956016355768,0.6621135719499985,0.6928838495549668,0.32861830197518493,1.2599392458605
3235.2172416756557,0.6456563062257954,0.6890013256612229,0.555712347403301,1.4286928120632787
14233.940102060713,0.6477333982744204,0.693850254330627,0.635209375970037,1.5393471303312363
139403.89353933278,0.6435737061661269,0.6919157487145443,0.7583749170518467,1.698524769407162
143.32157628611498,0.6570104626734988,0.693850254330627,0.4184786645143126,1.3473099938235127
237038150.69901878,0.6224593312018546,0.6890013256612229,0.9800356411165974,1.8502694509467843
0.1647610896381707,0.6722065154561869,0.6781874617803009,-0.2353963860583115,0.6417631864974206
1.7349873208809419,0.6610959184056077,0.6831274533245228,0.08461397869252686,0.9436116868240793
1621.7623979435089,0.6466955447492556,0.6909459573678048,0.5383062032604881,1.4413879939411935
10552664.203642854,0.6341355910108007,0.6948149575375188,0.9219420760960061,1.8590421095890848
50014.58701029457,0.6435737061661269,0.6928838495549668,0.6809301868824239,1.570675623988241
2193.559121781115,0.6435737061661269,0.6919157487145443,0.5644969261460986,1.4751161640591361
5534175.314861846,0.6414856625551401,0.6976988035225049,0.885062811182225,1.807168969477679
0.23791750712204196,0.6722065154561869,0.6831274533245228,-0.16290886561565757,0.7215293146827023
197.59595571554087,0.64461569068716,0.6831274533245228,0.40805740518942063,1.260046997721611
5.735630866333157,0.6539309937088769,0.6860718413926845,0.19127113735652845,1.0887791205445922
15657.399762143154,0.6539309937088769,0.6986566465036651,0.6598483096929895,1.6031129170607479
43160000.78213483,0.6383435334243716,0.6957779537260955,0.9894189491405632,1.9792865838699283
7.286997434709191,0.6559854250918428,0.6831274533245228,0.20446019568913862,1.055276439312727
10.315214186287518,0.6529016150154908,0.6831274533245228,0.2298480694243327,1.0911341621746298
0.4313511945372835,0.6570104626734988,0.674206506269306,-0.059104613367631356,0.7753394179627477
700789.9269903144,0.6414856625551401,0.693850254330627,0.8082861102852237,1.7390876954201784
90996407.49607155,0.6404396197773281,0.7015197851634658,0.9969594101205095,1.942304475109399
0.5149246461795036,0.679178699175393,0.6928838495549668,-0.05864015298722068,0.89588249665952
24.168290701733607,0.6539309937088769,0.6850920267808299,0.2959105214745128,1.1858444785924755
0.22379868336150682,0.6691947863698632,0.679178699175393,-0.16969368831635304,0.6963117744339565
7553.942665103355,0.64461569068716,0.6919157487145443,0.6087019071513107,1.4935205933462419
463993742.21998984,0.6383435334243716,0.7005671424739729,1.053638812386283,2.0125601603932592
1.2332622449375783,0.6722065154561869,0.6928838495549668,0.053059513519219746,0.9751544821300036
123618353.84858194,0.6383435334243716,0.6996127612131811,0.9902066803068517,1.90330563165916
0.15030022347359548,0.6702002528413269,0.6781874617803009,-0.270062528239946,0.6117660998724215
31927.30809681738,0.64461569068716,0.6919157487145443,0.664840033157974,1.5584961476571964
0.11349211940223843,0.679178699175393,0.6762001723894238,-0.47550326945098653,0.40094967692019046
14.639362353939859,0.6590561442321027,0.6880264966902554,0.25441268677052653,1.131069979450779
1.7495501100613056,0.6559854250918428,0.6841105620938139,0.08539804556358047,0.9945753978774552
9662400.673803272,0.6362421681050833,0.6976988035225049,0.9269839719564787,1.8572510722829134
4.613453894956809,0.6610959184056077,0.6821427065199622,0.1761508822793241,1.118017907848705
0.746083941681083,0.6691947863698632,0.6870499999906606,-0.005492051777709298,0.9067361203427247
1571.1995652679072,0.6570104626734988,0.6928838495549668,0.5568445509451218,1.5236084926178655
1.065177171701884,0.6641443758629773,0.6850920267808299,0.03770002570249315,0.9104913937234825
12765.962476406812,0.6425303607449442,0.6909459573678048,0.6224396689700022,1.5005283489990657
67.75906517994616,0.6570104626734988,0.6909459573678048,0.35919005752198857,1.2421802363846468
12.472081563736136,0.6580340381954392,0.6870499999906606,0.24972589526246525,1.147776855695711
23196502.205664247,0.6383435334243716,0.6967392375012857,0.9371112730512007,1.864822105161407
1217509727.232588,0.6362421681050833,0.702470684213586,1.1131950997461562,2.0679629542255253
5.863952292127692,0.6539309937088769,0.6821427065199622,0.1877942046969015,1.0348651152390709
788.0359255366411,0.6518708044779307,0.6919157487145443,0.5007709104463965,1.3849161671794958
67844.74276032137,0.6435737061661269,0.6909459573678048,0.7145333255877152,1.639254074917514
1099100601.5662527,0.6299070740829303,0.6967392375012857,1.0683184067286644,1.9968553937842743
52116.01447697021,0.6435737061661269,0.6948149575375188,0.7081412097445485,1.635367016716369
11.169734613806593,0.6549589329275115,0.6880264966902554,0.2439822137091,1.1398881910061818
7.684292981941807,0.6621135719499985,0.6909459573678048,0.2131580722853125,1.1383867338181552
0.7587423866793208,0.6691947863698632,0.6850920267808299,-0.00541000708231925,0.8942776469026115
232.1170612402821,0.6590561442321027,0.6928838495549668,0.44090682901609424,1.3651129921124898
700.2624566211088,0.6621135719499985,0.7005671424739729,0.5208029826972636,1.4837632311344502
24280.937828463077,0.6414856625551401,0.6899744811276125,0.6638341621933912,1.562986807897669
80.40217066995352,0.6498049186467717,0.6860718413926845,0.3700669325755226,1.2616348425493
197.27092928592592,0.6570104626734988,0.6928838495549668,0.4241528999691492,1.3109874646438855
6056.09793511151,0.6529016150154908,0.693850254330627,0.6259298824009353,1.5901431608338341
4970.887447391002,0.6508385697776412,0.6948149575375188,0.6048901253256018,1.5270033188131054
38082.2734617874,0.6508385697776412,0.6967392375012857,0.6947960108842066,1.6191243868599101
1702019.6827775028,0.6487698588680115,0.6986566465036651,0.8829221894008905,1.8726750190560366
11492.274077395006,0.6477333982744204,0.6909459573678048,0.6309244215794668,1.549109003591793
38427.5760609725,0.6487698588680115,0.6957779537260955,0.686548436386199,1.591611335855171
42394.900509170715,0.6435737061661269,0.6919157487145443,0.67651020466921985,1.555264716463671
0.4128265564921508,0.6712041647849477,0.6860718413926845,-0.07702887527681526,0.8043092157006826
0.1980321921695005,0.6641443758629773,0.674206506269306,-0.1849086345735509,0.6644237279501076
2.339162758934492,0.6570104626734988,0.6811563277812052,0.11259278337908953,0.9683595259336831
49.784131791616616,0.6549589329275115,0.6850920267808299,0.3392859239270097,1.2297579599962771
9.882580904451958,0.6631297268244815,0.6928838495549668,0.24010270508588905,1.1774130091256791
0.4746330518808295,0.6508385697776412,0.6681877721681662,-0.041735083222573625,0.7731040298798612
0.32819684132062416,0.6722065154561869,0.6870499999906606,-0.11832737487542579,0.775776185928032
2021.1860109748836,0.6498049186467717,0.6919157487145443,0.534918530882137,1.415910996481893
20677742186.02532,0.6372935064540828,0.7034198346107552,1.203949358611776,2.2072853313023697
1336.699441053519,0.6559854250918428,0.6919157487145443,0.5416377211144521,1.4859096627223836
243.03409112374592,0.6621135719499985,0.6967392375012857,0.4452316384900923,1.358895297586116
100.73719819298593,0.6570104626734988,0.6919157487145443,0.3857497802615415,1.2760050534994911
22.101520731754658,0.6549589329275115,0.6860718413926845,0.28415231560417636,1.159053034139869
118791.58375858582,0.6477333982744204,0.6986566465036651,0.7483886394364817,1.6801438848850772
1616.5841057209282,0.6549589329275115,0.6967392375012857,0.5449859756619668,1.4565566730275457
1.1586097336446024,0.6631297268244815,0.6831274533245228,0.04325437783599088,0.9263210096826662
191.73415640401421,0.6559854250918428,0.6919157487145443,0.42176032653107537,1.318742803122108
42598207.114947915,0.6404396197773281,0.7005671424739729,1.0057483933082978,1.9984166318272516
23932.37574759709,0.6456563062257954,0.6928838495549668,0.6473814587132619,1.531458461497022
7.102407296350813,0.6559854250918428,0.6821427065199622,0.20067946625932642,1.0636521201223794
3498.108703363996,0.6466955447492556,0.6919157487145443,0.5738188099344952,1.4719974974766332
2.5823941896462492,0.6651575119516957,0.6880264966902554,0.12174991958650944,1.0054566770011117
0.6388185868723761,0.6570104626734988,0.6831274533245228,-0.026552645178230874,0.8846373799348486
1.4044861578125127,0.6722065154561869,0.6899744811276125,0.05783628772007362,0.9983127817339399
6976.431403868885,0.6570104626734988,0.6996127612131811,0.6204593853924204,1.5548666687501524
33298.53686901458,0.6425303607449442,0.6919157487145443,0.6784444246558291,1.5780441483760688
13.299849748640344,0.6456563062257954,0.679178699175393,0.24852611035789302,1.1153814462781813
16.109274012142667,0.6539309937088769,0.6801683232633365,0.26266653150177444,1.1636777653127313
0.33193580658438143,0.6621135719499985,0.6722065154561869,-0.10520622925936565,0.7771004334443377
717.824993759897,0.64461569068716,0.6860718413926845,0.47946171719220443,1.345345395261881
2939.113859827055,0.6487698588680115,0.6928838495549668,0.5744812147873767,1.4921768706656087
28262.012429125156,0.6435737061661269,0.6928838495549668,0.6800575972006018,1.5897326707173958
30172971.29166371,0.6487698588680115,0.7043672313958793,0.9808899618514924,1.9577312575082964
972482.8029971261,0.6539309937088769,0.7043672313958793,0.8656159928267649,1.8418033466672352
660669.5302442606,0.6383435334243716,0.6928838495549668,0.7995071708817981,1.7108459779874294
456.8361909174983,0.6570104626734988,0.6986566465036651,0.4962787404098477,1.4438276683728655
207227605.1988466,0.6393922406410095,0.7005671424739729,1.0214145700860509,1.9570344655284397
0.279004458119602,0.6621135719499985,0.67719461739481,-0.12549441363877994,0.7268723883511886
461.30627676305284,0.6498049186467717,0.6890013256612229,0.46604580677364804,1.349375982717578
1.673483170474711,0.6549589329275115,0.6781874617803009,0.0840459778266959,0.9320202031501614
43924.60156349863,0.6372935064540828,0.6860718413926845,0.6690141167082042,1.5415676760921595
3.144642566376756,0.6702002528413269,0.6919157487145443,0.1449621982086488,1.1208553413516864
4068.8976258802427,0.6508385697776412,0.6948149575375188,0.5858549942381802,1.48150266487476
204.82177950575976,0.6539309937088769,0.6899744811276125,0.4223994077448752,1.304543652216487
5.588068653856684,0.6600767734095506,0.6870499999906606,0.18447713194430707,1.0738998002736044
133.00335379841638,0.6539309937088769,0.6928838495549668,0.4145377183119749,1.3458353840519728
1.6170116090998266,0.6621135719499985,0.6841105620938139,0.07942470914254059,0.9404817024335652
43.21121951727171,0.6580340381954392,0.6860718413926845,0.3315036474410339,1.2571603171639947
118.34292923161216,0.6590561442321027,0.6928838495549668,0.3979406497429507,1.2970940266759312
23975.891826323423,0.6529016150154908,0.6957779537260955,0.6887584215806101,1.6486066351009387
3.520753069762669,0.6580340381954392,0.6831274533245228,0.1432731774580493,0.9972205475472101
8100236.345720022,0.64461569068716,0.6976988035225049,0.9203946056582643,1.8883267552624077
19.251639309095676,0.6570104626734988,0.6899744811276125,0.2849744536625468,1.1911614157290897
4018.084328065651,0.6466955447492556,0.6899744811276125,0.5683709092398149,1.457457261496454
10.446321316879752,0.6600767734095506,0.6841105620938139,0.23841760783672045,1.1486797841260956
28698.224551421485,0.6508385697776412,0.6976988035225049,0.6788752766587363,1.5971963736642338
0.2173628822791011,0.6681877721681662,0.6811563277812052,-0.1773578375555963,0.6907992855555193
119.1706983430725,0.6559854250918428,0.6928838495549668,0.4054611954748131,1.3136262499277245
133.46268333846103,0.6590561442321027,0.6890013256612229,0.4198661627321385,1.3974254742525531
658.7594854376705,0.6600767734095506,0.6976988035225049,0.49893546262947125,1.4272923732676748
2.306893586819199,0.6549589329275115,0.6801683232633365,0.10836529669248329,0.9537745316539591
4541.1252098243785,0.6435737061661269,0.6890013256612229,0.5694083943037549,1.4415880112553068
180460.5597676834,0.6466955447492556,0.6976988035225049,0.7567305371820227,1.6733570742952264
45.317410905045996,0.6600767734095506,0.6919157487145443,0.33078743088554774,1.2179000860099696
6.486903337259676,0.6529016150154908,0.6811563277812052,0.1974299031205439,1.0865804175387075
1.9793266384009887,0.6518708044779307,0.6762001723894238,0.09705530904873894,0.9254123087987868
47.73395003886825,0.6518708044779307,0.6870499999906606,0.3339330738033758,1.2208077257119088
134791.57556659123,0.6383435334243716,0.6919157487145443,0.7433365083840596,1.6508679276779976
134207.6737459964,0.6414856625551401,0.6928838495549668,0.7220557127591278,1.6139762948439942
60.24161673197795,0.6621135719499985,0.6928838495549668,0.357989083526123,1.2717738386564132
1629885.320317179,0.6425303607449442,0.6967392375012857,0.8485133377750107,1.7865549913520997
26.207292856647335,0.6580340381954392,0.6841105620938139,0.3056513020298918,1.239857535005923
884421.1597878991,0.6477333982744204,0.6996127612131811,0.8239519240295035,1.7477427839694717
42965.48867997758,0.6518708044779307,0.6976988035225049,0.6991396490282473,1.6293155347357302
52.245695202493216,0.6498049186467717,0.6841105620938139,0.34461635282376923,1.231626699624483
1.0512188619019645,0.6610959184056077,0.6811563277812052,0.03907958788672676,0.9088077917630755
47291.727117285634,0.6477333982744204,0.6957779537260955,0.6915106173847994,1.5827007318335988
64.45791971844693,0.6549589329275115,0.6899744811276125,0.3686478300169879,1.2825070354665677
17.05438164532443,0.6549589329275115,0.6870499999906606,0.27518354698278485,1.1535129437185336
1.686833363852763,0.6600767734095506,0.6870499999906606,0.07824679612027349,0.9718268916429165
19000.791276288743,0.6590561442321027,0.7071988513050219,0.7378231405968315,1.7711125926055165
1.7080756200365244,0.6590561442321027,0.6821427065199622,0.08520219014580005,0.9452622612527569
80831.17384878057,0.6456563062257954,0.6948149575375188,0.7104935615435387,1.6105055004457303
1954406354.3730388,0.6256585353521226,0.693850254330627,1.0688724352186074,1.9774883787422852
112.75335118670306,0.6539309937088769,0.6890013256612229,0.3828434531742267,1.2556667969744169
2.061355976520797,0.6610959184056077,0.6821427065199622,0.09959628256210974,0.9689292813192335
0.3871417960644469,0.6631297268244815,0.6781874617803009,-0.07746920501917945,0.7767013103598815
0.12540620277504128,0.6712041647849477,0.6752041331883263,-0.3360335009698067,0.5436452699895783
2.198302842262195,0.6641443758629773,0.6860718413926845,0.10565352226820099,0.9901131130617538
34526328.614213966,0.6393922406410095,0.6986566465036651,0.9534021710685439,1.892315483939397
77037.9221052933,0.6404396197773281,0.6899744811276125,0.7167058078200411,1.6415201786868174
24758.917087255395,0.6456563062257954,0.6919157487145443,0.672101991092435,1.5912546590445213
4016.8587614916087,0.64461569068716,0.6890013256612229,0.5638877698711594,1.4231544374890868
2172.036658878828,0.6456563062257954,0.6928838495549668,0.559333808840225,1.4634467198937995
0.11682090373417212,0.674206506269306,0.6732072981636753,-0.4891638235534095,0.39306973071281137
0.3221235705472119,0.6580340381954392,0.6732072981636753,-0.10132430123847674,0.7418913531211911
3111.9264661518478,0.6529016150154908,0.6967392375012857,0.5770314552982304,1.4979536110330742
5482.730245928656,0.6498049186467717,0.693850254330627,0.5913728858233019,1.475662689800399
572.7434461831529,0.6529016150154908,0.6919157487145443,0.48203988468451286,1.3758040265436495
12540374.66207692,0.6498049186467717,0.7043672313958793,0.953436234220589,1.925169787601497
4209377534.1139183,0.6372935064540828,0.7043672313958793,1.162711369469451,2.144497768611739
0.5621275067480189,0.6702002528413269,0.6880264966902554,-0.05027473370155624,0.8954078060161993
1.001823909322023,0.6610959184056077,0.6781874617803009,0.030426119992903063,0.917111113376708
1.7199578323299425,0.6661691280292581,0.6890013256612229,0.08635489580279426,0.9762167218611763
122.72393720236845,0.6529016150154908,0.6860718413926845,0.3906664289164429,1.2801311246781109
322.0058278293653,0.64461569068716,0.6870499999906606,0.45419952993910806,1.3314846401486842
0.10947228749479927,0.6661691280292581,0.6691947863698632,-0.39639436207458467,0.4563051240591146
3.2742896226708162,0.6549589329275115,0.6801683232633365,0.14209441529056924,0.9893355973047117
299.9473245199202,0.6518708044779307,0.6890013256612229,0.44677459484006893,1.33429211327204
0.11057346967649077,0.679178699175393,0.679178699175393,-0.44408467703767657,0.4377114354159589
533.3754046765218,0.6393922406410095,0.6831274533245228,0.4570689718394505,1.302054709759767
448.5553840428763,0.6487698588680115,0.6890013256612229,0.4885328062094374,1.436971698454407
0.7152935387295658,0.6487698588680115,0.67719461739481,-0.004935505756764499,0.8660661993620793
1.0887165134615144,0.6661691280292581,0.6850920267808299,0.03803360296556993,0.9346007218277613
1.6788057809023804,0.6580340381954392,0.6781874617803009,0.0835724680939743,0.944884302212835
809111.1339790678,0.6425303607449442,0.6948149575375188,0.8097112300995915,1.7305527172802977
0.18299012636791281,0.6732072981636753,0.6821427065199622,-0.21507560573289386,0.6660581439700248
166.74504800712086,0.64461569068716,0.6831274533245228,0.40080583729037317,1.2562134934085025
568252251172.8269,0.6277852724308909,0.7005671424739729,1.2775259205829101,2.244973563263278
1138.1885790052756,0.6477333982744204,0.6880264966902554,0.5105988593867458,1.3888164698095717
5.324828015065283,0.6621135719499985,0.6890013256612229,0.18326665744395432,1.0693140753114492
560.609178310454,0.6498049186467717,0.6890013256612229,0.48281104767643535,1.4068204910492947
17415.301929214438,0.6383435334243716,0.6919157487145443,0.6562838556621958,1.5644891128700762
123407819.58142634,0.6435737061661269,0.702470684213586,1.033473204626848,2.014912605665229
1843524910.0691276,0.6277852724308909,0.6957779537260955,1.053690908720675,1.9488526419742827
22.273607766521657,0.6570104626734988,0.6899744811276125,0.29213327850062465,1.1954654355521843
2.895811205784541,0.6651575119516957,0.6890013256612229,0.1357778192668211,1.0199429336757238
5335.352494668858,0.6539309937088769,0.6957779537260955,0.6023505822845397,1.5277254530484312
0.9791292401645637,0.6661691280292581,0.6831274533245228,0.02371165362293272,1.0190960661290582
212.7944121009514,0.6498049186467717,0.6870499999906606,0.4303958931728681,1.324982859979964
22914139.58575314,0.6404396197773281,0.6986566465036651,0.9308618994929803,1.8503339213348633
2.4317922391162794,0.6621135719499985,0.6841105620938139,0.11646453179797046,0.9968194232132471
122.09702746466013,0.6621135719499985,0.6948149575375188,0.39870382086664663,1.3295493197953723
24408494.20644537,0.6404396197773281,0.6986566465036651,0.994311167062155,1.97523474337367
1937.5384959092512,0.6529016150154908,0.693850254330627,0.5446146821091947,1.4375535849355978
0.8522610173006122,0.6559854250918428,0.679178699175393,0.012439145740953263,0.8824019083235781
70.80299530020633,0.6549589329275115,0.6890013256612229,0.35639069647960064,1.2324091270581794
11479964.878158974,0.6393922406410095,0.6976988035225049,0.9016415975467158,1.8091243989987458
0.14898723447545778,0.6681877721681662,0.6752041331883263,-0.2635083339203195,0.6099728978965412
0.32388358343655776,0.6712041647849477,0.6841105620938139,-0.11344344256899122,0.7752939675308028
16775882.073966688,0.6372935064540828,0.6976988035225049,0.9316834499496462,1.8517511796407995
0.39170576917035155,0.6681877721681662,0.6762001723894238,-0.08983122793047922,0.8225837685389077
8382929.817193203,0.6320238700983419,0.693850254330627,0.8810502981068137,1.7730077057073657
59952.760764360115,0.6487698588680115,0.6996127612131811,0.7350866273992881,1.6936399830365332
196445.6059863924,0.6425303607449442,0.6948149575375188,0.752250601076931,1.6513231839660456
184782.38117743575,0.6487698588680115,0.6986566465036651,0.797300182240539,1.7859666742872493
73309451688.06996,0.6341355910108007,0.702470684213586,1.2395930453821407,2.2504008009409167
25.61934811103692,0.6539309937088769,0.6831274533245228,0.29367965912944116,1.1753816885932458
5512.701475102901,0.6487698588680115,0.693850254330627,0.6177938058601712,1.5644153857584915
105483.00661084344,0.64461569068716,0.6948149575375188,0.7167076452690992,1.6101193345493148
58595.775611943485,0.6498049186467717,0.6986566465036651,0.7289817516254689,1.6732154529037486
6.0421714030322775,0.6508385697776412,0.679178699175393,0.19252158553892004,1.0748548890764893
622.809190235179,0.6651575119516957,0.6986566465036651,0.5346381372946979,1.5716761660835064
36.057545697051026,0.6518708044779307,0.6841105620938139,0.3163469576260384,1.1927025071593385
2.0077240115887096,0.6651575119516957,0.6841105620938139,0.09649067044895829,1.0090105919467371
118947.82491587862,0.64461569068716,0.6948149575375188,0.722223752263291,1.6168245533314674
2.4974703954558475,0.6570104626734988,0.6811563277812052,0.11576363604032765,0.9674962830012567
509401905989.2817,0.6330803692548326,0.7043672313958793,1.3481843732881404,2.4056405840679194
17594.59942865989,0.6466955447492556,0.6909459573678048,0.6471056318119507,1.5505290080136014
45.70573558644303,0.6600767734095506,0.6909459573678048,0.3317664213732328,1.2419023870741719
616.8136199985665,0.6508385697776412,0.6899744811276125,0.4726670830858322,1.3519079516344505
27319.498799000987,0.6456563062257954,0.6928838495549668,0.6888463951768573,1.620320378550836
0.14638359525953037,0.6610959184056077,0.6681877721681662,-0.2460685700066478,0.5901983984943502
11.980359576683364,0.6590561442321027,0.6880264966902554,0.242170043839392,1.1081653312210213
304204.17351294326,0.6362421681050833,0.6899744811276125,0.7500098444702263,1.6309769731552821
5350.472122051337,0.6518708044779307,0.6986566465036651,0.6334138363078554,1.5945328872359616
308.16210036607134,0.6477333982744204,0.6850920267808299,0.43838673331832345,1.3106121274048903
254.35334303184788,0.6477333982744204,0.6899744811276125,0.43651189525615347,1.3282375547460104
22.692719028417105,0.6549589329275115,0.6831274533245228,0.2908361785317899,1.1767716349372614
25.013319088547494,0.6549589329275115,0.6870499999906606,0.2935235579871749,1.185558930971233
127.2756333921724,0.6559854250918428,0.6919157487145443,0.4123479485035882,1.3358553377656992
490.8667080924156,0.64461569068716,0.6870499999906606,0.46232825174771114,1.3335591911221891
15745.690428203234,0.6404396197773281,0.6880264966902554,0.6466256475232791,1.5578928921038524
334.55812383669604,0.6404396197773281,0.6811563277812052,0.42838178906018576,1.2659306414234264
7019275.08462325,0.64461569068716,0.7005671424739729,0.9142245648032935,1.8616951699237545
15134704.110949218,0.6351895268003743,0.6957779537260955,0.9541644485376947,1.9258615099426435
52248.48589374157,0.6414856625551401,0.6909459573678048,0.6881482687881997,1.5782496656376606
20.365099609896525,0.6610959184056077,0.6909459573678048,0.2824121243617762,1.1655953430394888
46805.5931182832,0.6487698588680115,0.693850254330627,0.6974779201686142,1.6156790250029363
485790.94191816583,0.6414856625551401,0.6948149575375188,0.7765306064581252,1.6642732492744965
5703.83034224857,0.6610959184056077,0.7015197851634658,0.6255609707859251,1.582282389500816
0.3975809224280963,0.6681877721681662,0.67719461739481,-0.08712575794966373,0.8234742586960462
0.8917556330799379,0.6651575119516957,0.6860718413926845,0.01492356908020747,0.9249889164201234
3912.975583429241,0.6477333982744204,0.6919157487145443,0.5939257576578664,1.5191657438033812
4061.9886547630776,0.64461569068716,0.6890013256612229,0.5821653916936761,1.488563719212663
8.013831076830602,0.6641443758629773,0.6860718413926845,0.217826876639332,1.159892471302296
338089.2309598977,0.6487698588680115,0.7005671424739729,0.8036061965286242,1.7488845587114101
1491565.1249256842,0.6383435334243716,0.6948149575375188,0.8172746451939875,1.712949170921981
0.2260257700070335,0.6691947863698632,0.679178699175393,-0.18614863742873777,0.7227853866572506
29.370203122499113,0.6498049186467717,0.6811563277812052,0.3020925076118237,1.1785919792034192
240.56794885571102,0.6529016150154908,0.6890013256612229,0.42739408928563577,1.3273799668851205
290.50438015390006,0.6477333982744204,0.6880264966902554,0.44772799760402066,1.3405581262593067
726130.1986694365,0.6435737061661269,0.6996127612131811,0.830595143625853,1.77214850713612
41.42492756728108,0.6610959184056077,0.6919157487145443,0.3342539161934162,1.2647140721989314
37.85877846366897,0.6631297268244815,0.693850254330627,0.3309437585516402,1.271860810367543
5248453.7882427955,0.6456563062257954,0.7005671424739729,0.896456912882586,1.8344500502707544
6458881.217719466,0.6351895268003743,0.693850254330627,0.859049348421374,1.7403277147467422
258.65022997498,0.6508385697776412,0.6880264966902554,0.43122126290738305,1.2945218537736012
993.4542695246948,0.6487698588680115,0.6890013256612229,0.5026812114898804,1.3887072293469518
4336761.318669211,0.6341355910108007,0.6928838495549668,0.8600131115573696,1.750999840821759
80069784.18904415,0.6330803692548326,0.693850254330627,0.9830906478861176,1.9193178848974146
41.85133491065419,0.6600767734095506,0.693850254330627,0.3397634234364824,1.249239515404029
11.763250391544306,0.6518708044779307,0.6821427065199622,0.23628949822524498,1.09522324351809
1.0322080845970565,0.6651575119516957,0.6841105620938139,0.03134923427759817,0.9051893039529499
60.48830618060368,0.6549589329275115,0.6919157487145443,0.3580051277997186,1.2563841634818191
7.147295418779526,0.6498049186467717,0.679178699175393,0.20343007624565257,1.0417847509051832
3202981406.3844094,0.6320238700983419,0.6967392375012857,1.1051652034243125,2.05356034145268
3.6069233362075104,0.6681877721681662,0.6890013256612229,0.15541132191370177,1.0703760631828039
21565.874627081706,0.64461569068716,0.6909459573678048,0.6597877185427166,1.5639187469334548
0.693855927240472,0.6661691280292581,0.6841105620938139,-0.01379466525741674,0.9031582803234495
796703.4713109841,0.6529016150154908,0.7034198346107552,0.8558206740289241,1.8322825439624966
99.01977298828938,0.6498049186467717,0.6841105620938139,0.380568407325777,1.2581578163810114
18.670018425701674,0.6600767734095506,0.6909459573678048,0.2804123600131622,1.1800653233577005
58235.12573024147,0.6393922406410095,0.6880264966902554,0.6829780562983658,1.5715197051809517
