1,5118.522556270943,0.6606463897921592,0.7951061874581264,0.42827283665384774,1.0280036626200437
1,168449670310307e7,0.6263508120602569,0.808076006296263,0.8613845480610683,1.1181689799830987
1,1626.646773918702,0.6567430372834869,0.7886339676848803,0.4030786402205465,1.0260584324999311
1,4938.2003652260155,0.6957589085736968,0.7757445493192923,0.24558969377748532,0.5553060532041252
1,18424402833440.145,0.6292099056501974,0.802311830719551,0.6905305231901,1.0720927009426027
1,3974104989783.9185,0.620560988903696,0.8091104932121947,0.748255800934818,1.1586591588248103
1,3822380849714395,0.5996026595401128,0.8268403049054296,0.9388930922855457,1.4063231306310013
1,168.39509431985684,0.6481379902988742,0.8006157373564272,0.3629347979944703,1.0952310588825778
1,818567592831.4075,0.5497047887670886,0.8492738994173042,1.1441425197152084,1.8866443484332263
1,356555316980133.75,0.5862644325360161,0.8301313596941693,0.9424618003003702,1.457295640845732
1,32666161650.28423,0.5609388828482033,0.8424155294798724,0.9964464777624582,1.7018622467078919
1,6280.811768860353,0.7024822237878661,0.7828228370311725,0.25677508299966256,0.5914889676299429
1,45390948986.87405,0.6606082906696535,0.7928041510949608,0.5143203616010142,0.8060862075763007
1,7486884241182726e10,0.5808141068949965,0.8543550189039425,1.2505509510345314,1.6235182236140178
1,17102041994605307e9,0.5751824418410627,0.8565470114449393,1.2448593344012155,1.6803938361541007
1,83.16149684381551,0.6591591172990395,0.8046437409124354,0.33952966579355826,1.111224339322142
1,7226110.432772567,0.66008322567003,0.7627889055758448,0.35821892241162073,0.6335551075410228
1,36023063416.77394,0.6531919057657983,0.8172850924853058,0.6911716131963325,1.1557311569912891
1,7593271289537158e7,0.5754337586011175,0.8381179633463172,1.1499384855279937,1.5304527530321275
1,1297.4833433286,0.5834280459554777,0.76138260044323125,0.45021334883864117,1.1804762473803123
1,11973497.560693678,0.6097586318451431,0.8175894316308658,0.6737058898209344,1.2872800215815046
1,38.616357797362106,0.6544567061984784,0.7850436332367944,0.29236101296572853,1.0416386261599138
1,1125749273082135e3,0.6124968865702178,0.8254015865870833,0.9182323562378735,1.320553195465359
1,6927.5885458991625,0.6457158835749258,0.7771373982055428,0.41759797996110976,0.9838510036037443
1,11.948097072510615,0.6262212062834843,0.7489456313136201,0.2128189284872407,0.9223933418308662
1,2590021109530724e6,0.6055189312238696,0.830631091684751,1.015390187478689,1.3114614565613008
1,18556213063531236e5,0.61919295504687355,0.8317296170339279,0.9250349307147041,1.2164278660784738
1,23882362778031.81,0.5459661449776445,0.8423521421097656,1.1326634755615668,1.8149437282881908
1,160753678870307970,0.594425724963482,0.8357499820996617,0.9747295275145462,1.4423382641073037
1,6597486591.176418,0.6770549024349041,0.7927813805197429,0.4529374983131924,0.7160334204204396
1,100019616092124.56,0.6401238893931935,0.8223716477347659,0.7456207171775671,1.1404992584565683
1,760846.8269992761,0.5984054447670126,0.8167779489505597,0.7202699403140796,1.4666429334843523
1,14188782204092414,0.6148696605415065,0.8077071387161899,0.7662692144487949,1.1277178334745168
1,27615140656105.36,0.6192942738067466,0.8331551495113636,0.849398783327859,1.3412759887704917
1,0.4610924384738487,0.7058849997715161,0.765969713959542,-0.018413976110399185,0.6326378464266247
1,13519630253109332e4,0.6450968013706224,0.843156755690325,0.9073564715241906,1.2413618804694257
1,180.6641673954878,0.680744260485146,0.8147136390914063,0.3434182837320262,1.0226779273736468
1,45231762.412103035,0.6267125601401288,0.8423703896987265,0.7510281066002276,1.404246747586138
1,207811910.4144191,0.5967335304765106,0.8069426591217201,0.7118522529124621,1.2963800044778047
1,17.32268151012835,0.6906276946195805,0.7791970676603265,0.18144771912785537,0.6939040820838326
1,2883111918.078618,0.61991104509958606,0.845469222395571,0.8763364282285677,1.529089412008661
1,173695392.33624896,0.6424859257636191,0.7946604708206253,0.5351173468527991,0.9595564287266874
1,7990813467103371e9,0.5968819931685138,0.8336287664749162,1.0936962497320248,1.3746085975299716
1,48.65062833604105,0.703530158798423,0.8123123661999746,0.2704442883629999,0.9298946788437724
1,15896938641064037e10,0.5514209601848564,0.8479736477104562,1.3130210101778126,1.728711451332793
1,392065178.52947456,0.6700129689268932,0.7906989246423859,0.44984636730117683,0.7705514459027112
1,3328901905522391e3,0.59472966529661,0.8233567131141861,0.9317642508280556,1.3423310902429795
1,68.53742097419835,0.6514691651498072,0.7692123081603243,0.2559579446099268,0.8254168562670154
1,930566039255267e14,0.5585193061791713,0.8370428988706073,1.2741953336177463,1.5659140782125052
1,10198541.441498097,0.6367586248168879,0.8495306634284997,0.798656914718188,1.5344976068566243
1,7721263245510387e11,0.5866474767821487,0.8386877631899481,1.1337997871259535,1.408171439917255
1,5106184085555542e4,0.5965768162638214,0.8439941368399814,1.06275187108842,1.4978765188860037
1,6551233.7349841455,0.5820122941729746,0.8184543217427245,0.8005677850730721,1.5492270567823274
1,5316420753593883e7,0.5792658739993053,0.836924819383324,1.1209519999080486,1.5044300659752659
1,0.6086774167188705,0.6757985532272993,0.74059256403271,-0.003938874986083255,0.7331185313838767
1,437900.1996540513,0.6302588066979914,0.8297886311604745,0.6742999614047283,1.4053137523020174
1,5996828794159326e5,0.5560159242251488,0.8606297203354665,1.3102151871066638,1.872171711046579
1,30957373731.14863,0.5967970890964693,0.811142607139681,0.7086350187831801,1.1984817254820528
1,1704930361.52966,0.6281225572327133,0.8396095400687499,0.8101557191297007,1.4263853646991256
1,4577441002966.584,0.6159094931687793,0.838204973165967,0.8981798724106896,1.4475732423165282
1,1260751380766022e6,0.6292636158466024,0.8274329750034762,0.9104394498060525,1.2028975624798999
1,3055894447.531343,0.6654312180218434,0.7710793879247226,0.4403343467985593,0.6982542213169826
1,2315061619007726,0.6332882406161322,0.812396087526331,0.7432204661948967,1.0907814707813506
1,9032.204743380877,0.6953339678780565,0.7715541808409532,0.24469013319771463,0.5493153290382459
1,7237298756103841e15,0.598599751472006,0.866671984907236,1.3283630123014856,1.6337374589656584
1,12511679439416341e4,0.620485727958726,0.8340333681950985,0.9569118913253983,1.3057287190774762
1,2657715.1659918893,0.6260682139541873,0.7914302493346363,0.537027821341066,1.0522986999173114
1,3123.5896695605297,0.6770444146709824,0.7639013042654829,0.26498294410495093,0.6326708876398935
1,13453723167765.74,0.6098316776193387,0.8362744643303033,0.9139938406532498,1.4633479739983672
1,120588830426.05109,0.647658249180634,0.8117416316949241,0.6217014395840468,1.0105187219555503
1,5751095939820776e12,0.5879493458182089,0.8554601719162038,1.1957071462180118,1.465899968829212
1,147509015999486300,0.5903351086088668,0.8434380869561392,1.068386379755607,1.5796339867164075
1,53745983.1218416,0.6170842438168607,0.7926983063580461,0.6095450856805541,1.1191978463977381
1,46.04534975548376,0.658346540704105,0.7937296854974616,0.301766985486625,1.067498693044934
1,196935756880863230,0.6293953481575548,0.8093202399014443,0.7239461829305744,0.9972969230848007
1,12162179039032672e4,0.5982474743817175,0.8337470353044045,1.0102591738872553,1.4089031477964125
1,5638723233023238e5,0.6020923312882134,0.8280173857826282,1.0026091281073475,1.365073551916009
1,8318675082836801,0.6463909599136699,0.807496072007001,0.6890505893772277,0.9662415679572476
1,31787225.709247038,0.6533688923487032,0.7902932247781606,0.47783771650280504,0.8841444199726448
1,1.5818250004211512,0.6981645635596542,0.7655959948182882,0.0739803455218195,0.593315105683577
1,2726038682901173e16,0.5539417720154513,0.8439612227981665,1.3166664150366327,1.5996901971552315
1,1025167.6247231179,0.6627678363740316,0.8037295280672445,0.54070871604805,1.085750677052725
1,942.099918985301,0.6264954147421274,0.7918449322427688,0.4292821230735657,1.1509378645956396
1,7311966.945743599,0.6536865568969993,0.774914288952879,0.39466390605554874,0.7379768547263931
1,8243.37593216189,0.6632185620662367,0.8167104726215985,0.4875515717770935,1.1501880817233108
1,343726945647768200,0.62337128603114,0.8386794105581853,0.9322970875537134,1.3443528195148944
1,34.60851357764794,0.7070342964856647,0.7829248733926307,0.17862950606720798,0.6078260411916391
1,38563045523360090,0.5875606722371799,0.8102866307323939,0.8814794539689665,1.2756990405324382
1,6915.568367468822,0.656200724778103,0.7737848488285745,0.36106719995898284,0.8467621043112722
1,3339171.896958886,0.6578693189472469,0.7906863755634821,0.455458698498852,0.883315532097727
1,1014340278648673.2,0.6370355833916271,0.82006505834149,0.7665310480814607,1.1328391960946522
1,2291571152.4976406,0.6654166501696094,0.8197039354382358,0.5743324704346118,0.9985790103781875
1,20.21070611320122,0.6634463801003457,0.7696541802400919,0.19932899094288853,0.7573956479926033
1,0.3971948865857992,0.685422962854716,0.7438505533646017,-0.04740149918492832,0.6684222172954927
1,51938908997005.664,0.5860065244396491,0.8421559434212021,1.0178689080670082,1.6183248480877968
1,79001.4554342606,0.6687636832714231,0.8432978247210529,0.6015514414186526,1.3088790228547829
1,16161020718987096e9,0.6162316055145152,0.8469123881296919,1.0880708148315066,1.3456794526627738
1,1650210469977897,0.6469533516167137,0.8075380341324407,0.6887273618832268,0.9687462990228961
1,198.1505643603547,0.6843013556403393,0.7864721835549683,0.26315818826299664,0.764118502636769
1,18790.073682861803,0.6450319895343136,0.7975634832017134,0.49811684354138597,1.1342666054089485
1,771524.7567816944,0.6515168728714421,0.795411052053578,0.5043242322680508,1.0147330653395545
1,9.539138921104838,0.678779216024016,0.7726508813059002,0.17771401613657914,0.7820785359266218
1,3.9938107601152693,0.6926274696062243,0.777129419847694,0.13059825611010187,0.7081831280565479
1,13026.307039915264,0.6285627636473865,0.7986722333538953,0.5252553856736087,1.219245366236686
1,88231355255138.86,0.6284746432072186,0.8152896020569358,0.7690418333260787,1.1319546070336701
1,76889.13068451184,0.6040790163131187,0.7800991183768011,0.527443181718387,1.1502986899011667
1,9363776813786061e8,0.5776580451661234,0.848212030133228,1.198970296374542,1.619981645355589
1,15152261.575091528,0.572016970514117,0.8062123603219967,0.7854297852359373,1.4949005546681629
1,28352997963567835e7,0.6010631839747699,0.8285161633470213,1.0114080355558113,1.3035587838673448
1,81477051.39103407,0.6683801864632438,0.8025109556382806,0.4843308306029208,0.8753600542299336
1,1303779215.8170972,0.6084885079888017,0.836481192464216,0.833812882167178,1.474181873654574
1,18919832462.650723,0.6447075196820413,0.806275918896561,0.5768595900053186,0.9636832052152297
1,2300969.563583434,0.6561023315647209,0.7980775400870412,0.4993811280740945,0.973792561270812
1,13.064849402987573,0.6781529044687948,0.7755433723975377,0.17926397872130126,0.7212578912521422
1,32875061190383165e6,0.6045293476345556,0.8403467199121865,1.0512766171614283,1.3879115622225113
1,54.864635879048606,0.701763620247112,0.7728588866896199,0.19533888295300364,0.6298321134328716
1,34.315434612932954,0.672199099837098,0.782536255803153,0.2323969291756168,0.8242619016476792
1,1556.312599453561,0.655874099105416,0.8015068295261285,0.42608580674881374,1.1016690176514163
1,697351.9495794453,0.6967578805272918,0.7774110455210043,0.27449336328253493,0.5092795572262631
1,504.2698200936218,0.6744745415540245,0.7953621402331104,0.34032633889612823,0.9313103831794468
1,257.40655644199785,0.6514742476161175,0.8002594318542207,0.3870377331824875,1.1362002192051566
1,175586864470702880,0.5685674395247544,0.8169612927004254,0.9992055712446086,1.4771859660547424
1,2.769173277373448,0.6968844281855662,0.7869925658403742,0.10960057435768925,0.7180660973556116
1,89506406468603740,0.669052728679322,0.8058700354768314,0.629287806285789,0.8484323229090921
1,454.3294790956896,0.6728438231163886,0.7868970221100368,0.3255075033319871,0.8877242267729906
1,11.346354039480302,0.6786326043214328,0.7914590880946577,0.21356670269977604,0.9430291374851353
1,269.5285226497998,0.6964927769317761,0.8197416790660642,0.40919075748632044,1.2012837742679352
1,5386554927443318e4,0.5703950260368119,0.8461225046668115,1.1491102357268153,1.6632434042228612
1,30124634671236765e5,0.6319105350539649,0.8263129786569984,0.8777146410286659,1.1487953177200818
1,30418.210886784695,0.5955698683111655,0.7978868104872001,0.5830302089417246,1.3150736912433447
1,108428655463.78627,0.628165752536652,0.827847790242828,0.7781203489110943,1.3017144100514304
1,404.3510043863867,0.6641483559927507,0.8246595215532249,0.4121753851469024,1.1621580551626283
1,3577506.470373445,0.6261690637545768,0.8264810236781489,0.7355868552979098,1.4459672448585073
1,1102174401171381900,0.5433407752127332,0.8418207885653057,1.2098661593279534,1.8020758354188091
1,18.973146109894685,0.6742221731557572,0.781161463286116,0.22142427883944182,0.8582333884656933
1,9629708417704.672,0.5890473646486287,0.8622791521666978,1.1040420060396412,1.7735731881372439
1,3418.534847716019,0.6268276863616997,0.7978259613117857,0.49078628317972073,1.2078276014927067
1,750175891575705.6,0.5530262193352469,0.8298440388041586,1.043252483426807,1.622946439832292
1,85984271.67633559,0.564591298576969,0.8155208516053423,0.8631749455430928,1.596460331178258
1,168.10173804989964,0.6694652409893065,0.8024298390913339,0.3480643973807197,1.0469578913824822
1,1271139617512140,0.6068498623825842,0.8351226689135254,0.9072707013068552,1.3896565226644402
1,15875886988792.885,0.5918169450988007,0.8410789777321706,1.0011856992228254,1.5974632962893813
1,165.2910397248204,0.6871708494061869,0.7617071146333847,0.17405558350422093,0.4842610966454482
1,25796264613.577442,0.671160700468417,0.7817965210061955,0.43987887128001535,0.6850242237557076
1,1602088205896588.8,0.5318098385853716,0.8538210684089527,1.257062597912009,1.9537489656907214
1,379827085.1769994,0.6382589194722339,0.8002159024393273,0.5975007834257615,1.0611555439413034
1,77040323267421e6,0.619602204400882,0.821339252263495,0.8987656189367371,1.219349223875602
1,1404890515726.9556,0.6131377909034577,0.8020456880102205,0.7228305099477744,1.1539645486031331
1,1270367824384363e12,0.5752148185260775,0.8295738543449849,1.1567035713778242,1.4176758613684306
1,657.676136144464,0.7147209132885481,0.7800337126655229,0.21863659856708587,0.5675359426847885
1,11152.494118041936,0.6284328804314545,0.8156762129612452,0.5781938402245659,1.3573639870554464
1,8479508451927977e12,0.5778563750736102,0.8456951663149385,1.2430499023659245,1.549858565083651
1,2831449728226975.5,0.6285560285210549,0.8404704099932402,0.9155023195978218,1.377877964772057
1,72.11966205764705,0.6943105696953844,0.8048201320803641,0.28583212330629915,0.9424865882723088
1,130875217679850380,0.6101466093967126,0.8102675540001952,0.810684117790751,1.0853496410973555
1,2098593754.5906758,0.5653807193076381,0.8202067110446607,0.8975507974151332,1.5787287419721308
1,23133752.85747778,0.6474699739061296,0.8031707869796786,0.5058899571440295,0.9393633356425356
1,1156315842547819e3,0.6409869743666778,0.8262303872993445,0.8839950798953953,1.2666559716243435
1,6110.622072690133,0.6969182304582332,0.7684811848788561,0.20992616870086367,0.4754702547415915
1,4653633414248772,0.5358814793367493,0.8118340689869731,1.014567772916155,1.546210859646763
1,153994175862596.4,0.5445425575458002,0.8454230268930016,1.172408614160959,1.8494361245287698
1,2648103211059928,0.6424327787806208,0.8320087940486888,0.8078603699772945,1.208443973232395
1,525744148.2984554,0.6160650894206076,0.8441906880604468,0.8730610751622779,1.5720940200489009
1,194182493.3035681,0.6595887423951377,0.7600685621785815,0.32993627481459487,0.5631566159498411
1,7228810920906257e5,0.6057123334216215,0.8326455906584913,1.0105380609949697,1.3267713400584802
1,229278353158.52374,0.6732304165613988,0.8054131300197636,0.5433197142308371,0.8556790568575959
1,2988324593493994e5,0.6390291179105061,0.8229510722682791,0.8197595918215652,1.0772790092017477
1,16131855967663.797,0.6257803348695117,0.8482504053131918,0.9198848184923313,1.4704818192915685
1,2484297869954.747,0.5681576841864437,0.817701707734963,0.9133886390871483,1.485451435949472
1,3495133948.522255,0.5982998378353928,0.828823955004918,0.845068505245597,1.474269466480927
1,258208884698.87512,0.6008853308970223,0.851583316844238,0.9954617891149534,1.6608907681043243
1,12106444844761.035,0.5576722797843139,0.8461008333628648,1.1060926868305363,1.7812515997999963
1,1182904725914258e6,0.5822047088002056,0.8601212050480819,1.2393375394571888,1.743241699593349
1,133905969743047.1,0.6273101992858239,0.831823932414495,0.8283934392756053,1.2807181897468667
1,62291299821.84038,0.5641609958056715,0.827940686613907,0.9312419369545671,1.5773098746635403
1,11220930.371040866,0.6451436425638054,0.7875750284323612,0.48658248362015133,0.9155908985944555
1,276936369.217116,0.6217497891502887,0.8351643337372782,0.8127230788514965,1.4700804606668596
1,2062014926.1931381,0.6041938501447902,0.8368774703595652,0.9293667974754182,1.6393083469444623
1,12359.363828244088,0.6522584702915667,0.7942010470866756,0.4026690773143296,0.9181385100857956
1,11361763903722062e7,0.62184414352021955,0.8258493998135281,0.95884840738315,1.1945000050685515
1,1544790089.8614686,0.6823296531113081,0.8040126766537475,0.4544700873295052,0.7649019937267403
1,95962912197175.06,0.5814815938260776,0.798232108908518,0.7987124224609679,1.2307830307688357
1,2331.0195971884073,0.6656081676787456,0.8043068146602322,0.35946253433575187,0.8927648040445461
1,214.82296652412734,0.6246671839098114,0.7814629485316199,0.38831544452566374,1.1464768505671161
1,0.17133671027660113,0.7283865529062957,0.7669086634410865,-0.1199408716039935,0.5141461407680092
1,15000.449375791304,0.6432490792915535,0.8164374985613729,0.5498751250526649,1.2723709105187058
1,123335.40011479733,0.5936110443701329,0.8011466842266567,0.6059726219014447,1.3005844833807823
1,6.515649319128314,0.7255614687881224,0.807683211551094,0.1601325266891433,0.7793990114144177
1,71112.39729761664,0.5655791647110842,0.7570550673809817,0.5997720804832234,1.3025384593853795
1,28524.22617909515,0.5978400637806625,0.7957916427650943,0.5858732308824438,1.3318947877858371
1,11.42504858926669,0.6755876288872913,0.7763269487451504,0.20400000167329066,0.8876020423536426
1,1228206.5064113669,0.6287368308732838,0.8154612451351364,0.639945755791685,1.2840020250426147
1,3.8175459086889916,0.683848980709378,0.7754386355706175,0.1355767621384053,0.7998397399014815
1,16893.646651442956,0.5998329746381745,0.793895869298592,0.5427305501916632,1.2501317700853087
1,223133.31514338314,0.6037436874134551,0.8136193354992165,0.6714471127345352,1.4258082385250466
1,0.14171582108433298,0.7176032764325279,0.7492341599874071,-0.11285340101833795,0.4444796623302456
1,13764374.834077151,0.5997263502506126,0.827539531268198,0.7638371790171068,1.460326395469384
1,1000334062.364991,0.610087406896877,0.825992227581059,0.7673758572447135,1.3614686347879057
1,21428969.50934799,0.6088761766080492,0.8287230748575978,0.7766938686125607,1.4696047198595923
1,23146739854013127e6,0.5888171724972099,0.8321785375576831,1.1033675135022571,1.4656623041240513
1,688706015604.2263,0.5921587792510873,0.8093837073786697,0.7841683128544222,1.2874133689499636
1,1638.3543417459186,0.6975642400200763,0.8021121343351136,0.32390689296849456,0.8055191975833049
1,70563299248605410,0.6137361055367593,0.8242622551956496,0.8605268827157866,1.195633721384912
1,1.1389886226439156,0.7133481376474604,0.7693571354939774,0.0544836342088143,0.5091574442215416
1,3300002188023779e4,0.5834370940368998,0.8401036282800998,1.063210950505655,1.503965300339479
1,1966650.4985084203,0.6574773273578886,0.8248367197554806,0.6016727436690532,1.1926646999692214
1,149.99231449347025,0.6948822170352338,0.7605585934982538,0.1970026860559025,0.5644492876688699
1,15237398.482098863,0.5893962452688813,0.8230637498334357,0.7988367784940111,1.5239219398341213
1,1.1206875899523743,0.6972245433003001,0.7783418414267863,0.05177631991949553,0.7518301279762509
1,6789124939.845187,0.6099315766388935,0.8498498980255111,0.9353805163771575,1.6231107679352093
1,207612945.94653758,0.6541549461062481,0.8407044840055874,0.6988247062620434,1.2659129443104111
1,1117306891857586e10,0.5663208238240429,0.861215993053753,1.3166410148031713,1.7749362541766391
1,15565477318952217e5,0.5858570468273179,0.8310686974202552,1.0409077048359943,1.4343860693379138
1,385985.16218800255,0.5996032510869906,0.8105283772085656,0.6627776900449542,1.3736881654893334
1,0.8964182953941932,0.6984485281330001,0.7615619145582095,0.046091458141206826,0.5136862386437155
1,202039429.59779605,0.60018029387745,0.8377046027328579,0.84437818454376,1.5397478387086905
1,0.21907469661889734,0.7041271455806234,0.7541676970106145,-0.0940514822796151,0.5544868530960989
1,1595802061414786e15,0.5736743775231904,0.8421019394118314,1.2446897742877758,1.493469297819324
1,291446.6463202726,0.6488733764835394,0.7941923675242851,0.4357909568298569,0.896102772487133
1,86.09278255311068,0.6890919176508025,0.7723062733858972,0.20086482519726953,0.6095757248102956
1,2.7359562841566123,0.7042386125587687,0.7704514363346935,0.09253115405563125,0.5238647637884848
1,97146.81490419376,0.5884184823612921,0.8011864074126047,0.639589334936691,1.3849016850039753
1,373539066.2381074,0.5185367308963033,0.8135360205692252,0.9109706049066854,1.6531327203885962
1,490095671854813e7,0.5525537605587703,0.8329173827498039,1.1675995355247442,1.633106343008973
1,392.535757588567,0.6425807893164482,0.7969744079916651,0.393758314211117,1.1127752385959169
1,492558.89311252855,0.6122067432334836,0.8086710936490701,0.6295650407538087,1.2942305231687556
1,5.735136019733569,0.68181470910033,0.7735148151681183,0.15107868233361083,0.744256886786
1,173124.29378594828,0.6758952723661822,0.7891597126622503,0.3635060730280764,0.7496174511776247
1,6812868570716722e11,0.5854540312183537,0.8461788943864328,1.1435748765091462,1.3957971030391276
1,6378.350603190981,0.6719811653513661,0.7869091318010311,0.3691765412080828,0.861086084598742
1,21410.081271602303,0.6659978652088004,0.778038757927844,0.3173366044846306,0.7002830642152101
1,1143418.282320832,0.6664508781043998,0.7625799429190061,0.32774874658132264,0.6394683792160962
1,6232262251321544e4,0.6111432095326957,0.826900759677638,0.955150228242291,1.26697656151746
1,3274.7235535066284,0.6633349656352433,0.7898060717789179,0.36519293463468905,0.8871309149748772
1,233233.07283527323,0.631360205929178,0.8204015918744977,0.6354702518211963,1.334168674053117
1,4697624177056789,0.5605965516969281,0.8471756340684471,1.1451823361363138,1.766594367282018
1,1190186393.1240523,0.61292934865172,0.8241269277807788,0.7637811934640529,1.34655241165602
1,4.537041614493075,0.7162952239555869,0.7835663149006478,0.12811868599980253,0.65868710959362
1,1247779.6549392827,0.6229913389590075,0.8443467362652091,0.7559314649978475,1.5258292997218577
1,9082.235730650773,0.6547811832427846,0.8268084709632323,0.5266988516937295,1.2472861632682681
1,129502357.26763877,0.6237023828981991,0.8149006422184006,0.67734872903244,1.2337215220230888
1,41799269.72002314,0.677860967371491,0.8068239814981925,0.47957870792406854,0.8779550521644819
1,298733559.88098985,0.6321851716267644,0.7962576130638297,0.5917292648254946,1.0551492320763072
1,5545.489400452704,0.6420070429193162,0.830383743505873,0.57188763350523,1.3839671158950888
1,11.944667504121933,0.6805116341540195,0.768332011406808,0.1730271911945688,0.7172693488571827
1,37.72223734676121,0.6474715340858229,0.7732563854884545,0.26948514717950417,0.9560582367576673
1,275918991680.6426,0.5907848213805708,0.8391124740037105,0.9664483953661008,1.6131355691101656
1,36.850773855831555,0.6894016987411546,0.7679377130809807,0.1874863393920579,0.6337974087740395
1,1335612224630109e9,0.60847713440427,0.8432025871096761,1.0786007378105362,1.371212753448296
1,6138012306293983e6,0.6097840002797765,0.8272566119370501,0.9529021081543798,1.2417729246537428
1,3.22333645234344,0.7049744163579033,0.7882740554327551,0.12389229020754144,0.732284680874803
1,5.482701460263684,0.6781312498051257,0.7678721707383184,0.1479467387287651,0.751154624134291
1,14286698570.29245,0.5990919987290868,0.8287853606226252,0.8591436622647944,1.48067859434542
1,3046477577.817364,0.6000461128851843,0.837959807887097,0.9159300957318758,1.6069030173593042
1,6687008762440773e14,0.5726915095646486,0.8411319651751696,1.2730846707257821,1.5348076248985538
1,34922771.384930044,0.6646770715699111,0.773775919340551,0.4069119973922049,0.7166857194208224
1,3620480051826836e6,0.6221044378107312,0.8283480243157328,1.0082285605540544,1.3596092034835676
1,10701506172368412e6,0.5666686131592045,0.8512982915793182,1.1934476456478031,1.671530628082867
1,446907.33243666595,0.6230496376653446,0.813341331930082,0.6304586384224167,1.299255544067675
1,895703643.7344471,0.5894642830672739,0.8406247733094818,0.9293055094325828,1.6570659333193716
1,601347342998.2656,0.6114335957343942,0.8040114494308601,0.7162537345808792,1.168381524078643
1,6318388851352233e6,0.5771933983712485,0.8563398669382651,1.2170354383685358,1.7218850591325148
1,15437512678289366e7,0.5601213663371933,0.8260858122336421,1.1137844758751112,1.5133209926378406
1,6720339599.246003,0.6619981046876271,0.792585196744433,0.5249096392820548,0.8484591777280774
1,634.9160120745616,0.6006187902771593,0.7744625720165172,0.4280057488055353,1.1732364967527231
1,348179.23267382156,0.6549893982785338,0.7948475171546495,0.4367635533642607,0.8924171302827784
1,413837215627163260,0.5440259289903656,0.836659724151675,1.1228104538258856,1.6745173303517054
1,4105504189121455e3,0.6296855063666585,0.7992722605325853,0.7411872435208925,0.9664444643176675
1,2.335529010313211,0.7072288730085785,0.7876752806006011,0.10478376982551037,0.7537958438630652
1,145381.87490848944,0.6621322660470035,0.8129419980105506,0.5265767133116447,1.1124109473032913
1,7135820466133622e6,0.5649550792723548,0.842144790444342,1.1910510563039902,1.6239154346648639
1,102759445638255.3,0.5845133689349459,0.8366561807034114,0.998528699531374,1.5780731827848764
1,10258794543817517e13,0.5747947439646677,0.8517674228680454,1.3654926520936363,1.7391653832290717
1,9.985924082259796,0.6771396975738228,0.7915484106192011,0.20319367822320467,0.9126911634199675
1,271.07479055608877,0.6337287060936256,0.8041335079752118,0.3830206804937102,1.1091069262051017
1,20435726311907656e5,0.603731838419023,0.8536911920492055,1.1289332556610583,1.580946928985491
1,54581216157794.35,0.6649654745936175,0.8005659428359283,0.592364793850396,0.8277017564982609
1,31398717276384174e13,0.5728499325623688,0.8486942554307516,1.2304298184995897,1.4974832499633992
1,25197242639700337e7,0.6041701291156027,0.8225322584539864,0.9491698325460054,1.1889991394419708
1,470848561496102.3,0.6174315496211042,0.8207257157464736,0.7709292044562965,1.1663155737530841
1,1377297198963531.8,0.6588955703955356,0.797337164508168,0.7097720539025661,1.006855727214263
1,6102815316260386e9,0.5820607284172868,0.8451611339884663,1.1771322726361935,1.5376738965775234
1,202721591.985902,0.6101963440733108,0.7902019910712711,0.6204336654926584,1.121465548645394
1,5.900095697039724,0.6736838388938741,0.7843530182254793,0.16693157360680616,0.8678965922136138
1,305083267115.6463,0.6046399169507104,0.8169037839813892,0.7959282049480725,1.3191846228337225
1,3230563.1022685007,0.6347842717241531,0.8038649400022709,0.5666893387796482,1.1078347605239005
1,16526119676045617e7,0.5825187162378774,0.8395036403223513,1.1430485825344603,1.530667400227246
1,185677844211.7895,0.6325406233624449,0.8031911062960713,0.6507584641995171,1.0466164659875847
1,7510667133920206e3,0.5969092289904618,0.8383836625829714,1.0183755847368992,1.459010205422737
1,7.974861217366631,0.6554595756333981,0.7476165548559618,0.1625663464781158,0.7651511233526411
1,77934857858202560,0.6114406382849326,0.8055824702491744,0.8090662286588465,1.1335441725061242
1,143465.24358797405,0.6744026436852494,0.7650722158818096,0.26103382339848835,0.49764129267450824
1,10022505.975851357,0.6382835628033406,0.8339693963212027,0.7131209781601404,1.3644018705208303
1,13.321166077278573,0.6616225059536307,0.7756877606220016,0.18291075423400507,0.7522131626978822
1,2585.4177208667306,0.6574373299658409,0.7693348836667578,0.3203469322654395,0.7796944978030423
1,49.558266803111046,0.6976278842696761,0.8026029238976873,0.24960833552995032,0.8407074024395358
1,2.4664355316223,0.6930649593223044,0.7666199150151826,0.09957270510807922,0.6526625521426241
1,209471574015.07434,0.6072429874107877,0.8348873254259116,0.8995823156794119,1.4989791981782812
1,369511571.7853829,0.6785188788208488,0.788068440217296,0.43373925355245885,0.7013998486354328
1,6127026062821226,0.620017031912197,0.8458019936753749,0.9250686387155013,1.4020084533181791
1,413259145406106e5,0.5975050437587089,0.8120260568901053,0.898558432282337,1.238487611090128
1,2457.9807359436313,0.6214077576703313,0.7864696519780112,0.46563283709905423,1.1794340228472027
1,13105840959433972e15,0.5851635990181704,0.8453130396674711,1.2467608630997724,1.4683792853385191
1,2.421112467751918,0.698359612372081,0.7763602308448814,0.10291413577447618,0.748890743505182
1,44108629487652.77,0.6582964615940351,0.7928868147304164,0.5613698325146039,0.8107123735502713
1,9991284043492546e12,0.5768307394872679,0.8513945647753665,1.1988055115268261,1.4827123079246198
1,49603948.00644128,0.6748853636970127,0.8136285368617642,0.5224763927269567,0.9653707236990671
1,13964919467745538e3,0.6019328486861744,0.8394019150075466,1.015052991728682,1.46161514631633
1,8262131068699.389,0.670088840114144,0.802643179676532,0.6312653497628349,0.9370394532451711
1,93101408517921.625,0.6408668318532632,0.7912882017244297,0.6164869606136859,0.9037556227089228
1,125608223828639920,0.6398330707841832,0.8189972857756259,0.7956660385027128,1.0885202000438188
1,10.378469754818775,0.6946595345724693,0.7732634232702059,0.16738118205234156,0.7167190499115283
1,985756013.5622811,0.6170323218363982,0.8389745953379381,0.8461226318849554,1.5072658283777245
1,5056840360059.675,0.5673399158462558,0.8322444071081015,0.9837172107325884,1.5942777537432944
1,0.9469899685279048,0.6732959569142798,0.7494086563268113,0.03957226776656652,0.6826069347990796
1,52793.290244210715,0.6547859132071793,0.814977834233949,0.5604118207548294,1.2330933156976256
1,34814.72974582643,0.7056623312882233,0.7967754297856676,0.310864991373634,0.6680287206364
1,13047191.51476492,0.654582931376885,0.8371692947485261,0.6792411770837739,1.292945915633608
1,152145.3523007894,0.6531490310064707,0.8407737491674996,0.6054149430800887,1.2904648222931643
1,658.5449545827092,0.67995317728082,0.7768301983998674,0.2662607969498542,0.6934404078535136
1,9286530219.909935,0.5775577948097629,0.8370308768836914,0.9830725384166255,1.7056058055441088
1,22829127874897924e3,0.6079626931883473,0.8292066406699617,0.9548118641986598,1.3256302897723884
1,65477157.30598182,0.6651582999575877,0.8027819520222409,0.49072162252213447,0.8803412560388925
1,6920863970574.874,0.6385008937388134,0.8184520342736452,0.7168744450767521,1.1330349846459
1,6567.524150969524,0.6650909599903765,0.7935000669284896,0.3991153987457793,0.9389197970759744
1,17034090641574692e12,0.6012890714539371,0.8542131555971851,1.2318099436789158,1.5371317651377505
1,411368438521975.94,0.6518799408374224,0.7957384867647942,0.6091297777543291,0.8542519233975502
1,42557375230.40461,0.5030053906553198,0.7974860719421722,0.9967411724648085,1.6917473946061368
1,406967.7236033203,0.5968927966645218,0.7987459042168911,0.6498403841399225,1.3526169029863808
1,8727548551.628546,0.6332549186228135,0.7940154647949061,0.602731073033832,1.0280998822476302
1,37564048178620360,0.6573814659582207,0.815996544964957,0.7169533229150427,0.9826829111429572
1,0.2515916268380978,0.7082550816081354,0.763508176236489,-0.10317547993324057,0.6326882036549772
1,35218400082941916e4,0.633159989941658,0.8191340251311943,0.8583688181501196,1.1042480697647779
1,551.423960486246,0.6463236531304535,0.7929297651990327,0.3971943402217509,1.1006967196556345
1,60.88581565083514,0.6472252054414332,0.7891851645699294,0.3139349886793231,1.0566087861507154
1,144.11511207141243,0.6911375040472417,0.7692563845103808,0.21552024581877918,0.6276077103920962
1,13.729657936474931,0.6960414578792409,0.7654992968072253,0.146498721050906,0.5613170860007942
1,9.951310380312686,0.6686413205627034,0.7792418925976033,0.18707204790990478,0.8208727155322919
1,3113513589615.882,0.6223814662504648,0.787459726211566,0.6338498913356226,0.9596598649296739
1,25016576189676595e9,0.5735727929375947,0.8483639837914203,1.205162476312395,1.5569750473006783
1,3507.8297562547928,0.638635760928749,0.7810897985088511,0.40519778588185934,0.9861188950372471
1,20958318839.82774,0.6864164862412421,0.7970440019328846,0.4575665738752298,0.7292890539080166
1,1010.1474075740551,0.6201425013271779,0.7856057924735677,0.4398652675605962,1.1629194996312615
1,1844947.2364378942,0.591427281334437,0.7966670932561564,0.67327988177286,1.342973730220251
1,557.7523921780208,0.6163136968157995,0.7697702089283629,0.3910688223396193,1.0807714950716931
1,1175246757948601e13,0.5688412701870871,0.8488147969964391,1.2376960209530246,1.5394045037991313
1,9714920469067844e11,0.5837069630675523,0.8446589880275771,1.1959217069691315,1.4810452160804046
1,262.61479461678323,0.6883091954907007,0.7697821174448892,0.22915420788441285,0.6360128804026265
1,7734217750548.26,0.6081524045307869,0.8408116921479186,0.937893097651566,1.507855929280349
1,17628922766621235e6,0.6004369158766611,0.8183997154264439,0.9723830077717668,1.2436397688468905
1,4821821581174394e9,0.5777565866365715,0.88093269588989,1.4143432758471197,1.9525508902262534
1,10037714937115071e4,0.6259128535567539,0.8013207425440153,0.8365353469995562,1.1052832339576597
1,121091.06618055157,0.6545209984674183,0.8044493010134331,0.4598581718829528,0.9742295602664648
1,2359.7118036455545,0.681765009575185,0.7554273186404639,0.23188401204944828,0.544508524559305
1,36714069.6512748,0.5833798611913155,0.7929900864257581,0.6933337694324373,1.3036383869679655
1,126897216683.5967,0.684226495730527,0.794330521612609,0.44242198890359424,0.6844234050703032
1,3150076854504635e8,0.5971655722638346,0.8296962603694189,1.0151953288795887,1.3414784977890872
1,1358433507.8123412,0.6051469839698514,0.852343482588654,0.9549460618955745,1.6933653035387508
1,4327923735555848e15,0.5631777797958253,0.8440376912037141,1.305973824074339,1.558137702319841
1,1.0319649392876782,0.716889087137317,0.7882168012354172,0.048969400641276244,0.6767358054145214
1,130.01974362522895,0.6482740321906958,0.7816389674541265,0.3244439284094133,1.0046439669115572
1,42860810.87986289,0.6460778316225885,0.7753521355641451,0.46743792720833904,0.8543438409357667
1,1070.2206341961803,0.678697699908822,0.8244621729937808,0.45207685499642897,1.1890889970609984
1,0.6308707430446661,0.7256754762886153,0.7751864418860731,0.010416370735921695,0.6285298447306932
1,142071587.114033,0.638282431238291,0.8299136271459711,0.7194467422646104,1.3149793807992307
1,538873173307371.4,0.6209187692624791,0.8302766203636364,0.8563090521208496,1.318625492279224
1,4695901088748645e9,0.5656333223297785,0.8366152604076352,1.1817436230317222,1.5350895260873383
1,1283372137185013e3,0.6338446440007233,0.8215538146866707,0.8447759163121928,1.1288102035586711
1,517001378152.4598,0.6406922478077288,0.8080021992296083,0.7051947679955073,1.1340266717232255
1,7.23771299881269,0.6797033365542927,0.769660056234555,0.16550518703244468,0.7819520417869819
1,5427146418321609,0.5508366931169958,0.859808066132016,1.282521482899971,1.9736154986038301
1,15866969456786724e8,0.5819066718196564,0.8539556332485345,1.2283757709630563,1.6417367689507407
1,272847283362391550,0.616657291580428,0.8213015711463546,0.8562419427355685,1.2215248424548544
1,3244.2499063067817,0.688997649531967,0.7740214981406006,0.26967647360912383,0.641021537145684
1,520793974620.1345,0.6017350714625823,0.8021312500198077,0.7523867032367811,1.233692830147148
1,64883907597814280,0.5808281000288187,0.7994923451109492,0.882176301522371,1.3005839167454867
1,606.0601305622174,0.6417957233424054,0.7885138921140189,0.36220843432788025,0.9742336628477511
1,16051812782918638e4,0.5939285204030066,0.8300917056014727,1.0372493164047376,1.4281302103560598
1,105.64637155441923,0.6807741345545848,0.7968349535341843,0.30162721638412543,0.9448218489938096
1,5673578.435757743,0.619074011338854,0.8326739529691012,0.800927775225303,1.5646748479617354
1,7344107215848349e4,0.6225153034461322,0.8228403985310505,0.8611722636506406,1.148761379825291
1,5297195212031.64,0.5834794260816883,0.816282376767416,0.8978629410759275,1.4512831867493652
1,3974495084.7009435,0.5928510032878355,0.8162848310269603,0.8192632263923166,1.427166750624965
1,628274954759596e12,0.5596044631841041,0.8462503121000826,1.2771424892351388,1.6370761185203233
1,4.633695304334884,0.709398936464969,0.7848123306486652,0.13111062076981567,0.6793684477351896
1,648731325162905500,0.6363789785105737,0.8098908317992182,0.7481567369564175,1.0214799702995403
1,104029687680492940,0.6495149799956009,0.8116312173704621,0.7359396214865387,1.047789202006904
1,7642816025768994e4,0.6298749276235172,0.8146903372565627,0.8199380293670008,1.0561754889311903
1,2411298991225956e9,0.5882097859555748,0.8396668784983167,1.1218460026021624,1.4819915655637597
1,4726415.695873533,0.60212979333934,0.7989653434342225,0.6543473460374918,1.2778067421261192
1,2225932.686161556,0.6444017225709593,0.802015182313329,0.5396366731481683,1.058865625368674
1,31.48127047417282,0.6477836797765409,0.783101404240619,0.2810184800431876,1.0340052278191225
1,1.3724979710486181e+17,0.597633537110789,0.8286235907494304,0.9681240228968014,1.3909662959825948
1,320517721365535740,0.6215713144076976,0.820238534766692,0.8401308588941057,1.1612825186371711
1,5253184933072769e9,0.5801091172306885,0.8379524392533381,1.1635854283423182,1.5091526735051983
1,277.2047565015668,0.6870326089428922,0.7618532827253457,0.21562005368440482,0.5899662286658418
1,5505690803931.471,0.6457752962340435,0.7890055821628107,0.6098774801144474,0.912616731763341
1,417.18131360296206,0.7018049056203705,0.8266158867226548,0.37848317244276464,1.0434401124314383
1,40698672017840494e16,0.573495706821774,0.8462358720432777,1.2989919349048644,1.5320529329157029
1,638715404.860852,0.5635164146703154,0.7987669834772754,0.8050216524185195,1.4445898920534261
1,2.1795179808477907,0.6762805038320532,0.7623305795951061,0.09575614782939723,0.6682517978176952
1,4555230199.375055,0.6184325735227,0.8203230634264524,0.7477166317802233,1.3023129079987408
1,19.07813424155419,0.6675849908361527,0.7765475709830169,0.22217441059009424,0.8597328104592098
1,101227.3428903389,0.6678233123012732,0.8145308299817554,0.5170599416933622,1.1086951254832165
1,1913757730863572200,0.5929261943800958,0.842598110948515,1.061912448948858,1.556924963211806
1,2217.3454493781146,0.6910052284350309,0.8367849236521083,0.4644909467358042,1.1792027967466967
1,158285436.10959667,0.6716911758094456,0.8056067237043656,0.5267218931561043,0.9474568980519661
1,41418636584.921875,0.6739792323229873,0.7879345767919426,0.4632612437853975,0.7047500362335001
1,6204178696780945e6,0.5836621703287493,0.8559393273758082,1.1810972798985309,1.6208226799453689
1,1757240635684.6545,0.6492801543995746,0.8066420730706122,0.635785948226606,0.9854534648517073
1,2493941.3240118893,0.6196752946593621,0.813652911528735,0.6570077273692347,1.304261824749446
1,5.933372208703668,0.6956883128397201,0.7848351315835185,0.16394726316313957,0.8397517490910992
1,2569090.96764188,0.6240163250342727,0.8000006026770308,0.5685604897080077,1.1145649119333119
1,2424058003.9016447,0.65009703258936,0.7999877649069862,0.5748837606349863,0.9965410283136314
1,1112036709.8396962,0.5737917926000814,0.8358370727477616,0.9565909808572222,1.70605288152259
1,174312.40878910807,0.6361264543992594,0.81656590619949,0.6058234968950006,1.2832810931739183
1,9680459.26087404,0.6793767012761216,0.7797881839886348,0.35916244396511077,0.6398760934930762
1,2123291.8753186646,0.6904809094946823,0.8242695050460112,0.5108378508733855,1.0039440727498397
1,1185.2561058423391,0.7233876166237961,0.7873385196682274,0.25959964093231336,0.6556348054505072
1,4468468809255.179,0.6132721103799735,0.7991465064860065,0.7935222084879106,1.2251998403041486
1,11.821302201812804,0.6821890609495386,0.7928382858968905,0.20870601080043966,0.9059743850187959
1,193632.52480042132,0.6132403681227422,0.8138398090654103,0.6593452417403962,1.3931986777598404
1,23756.289843406958,0.6573991425099867,0.7951499412020332,0.4274677422764413,0.9593098108264049
1,967944.1306912143,0.6528307090479192,0.8238376288589453,0.6069641036680885,1.223654884073611
1,5830.979967963766,0.6814598925683197,0.802124413735336,0.3656277142685095,0.869496973589798
1,3603.785925784932,0.667333669971838,0.7625616486000649,0.27408839889988956,0.6483386155889693
1,21104487.120982558,0.6522428614574405,0.7776031161421182,0.43030748651561984,0.7929667726818954
1,264340792.9292667,0.5822371733126633,0.8037919398605609,0.760804476927987,1.3794161340703979
1,195884.96973979956,0.6423979206834938,0.7716150809106217,0.4276203802286403,0.8837378504136575
1,152.9317895254015,0.6495382165814942,0.7762900890085479,0.3154478379202136,0.9548367856529626
1,73673461899.80223,0.6688749661370804,0.8047648247534405,0.5384731255895466,0.8526200914231811
1,19877315503.25347,0.6049633046157247,0.8328472435405595,0.8781432602464366,1.498993165152889
1,399552.0368177107,0.6517083523754097,0.7895883865614832,0.44327775978372586,0.8965539270438153
1,39443689.29558363,0.6112631504069017,0.8106150877272364,0.6507250933104097,1.214027508593001
1,25625886530697833e12,0.5908444043671558,0.8520461233558441,1.2301614517240038,1.5117910282000575
1,6506714956512567e8,0.5902806485559219,0.8477339997749557,1.17101553070203,1.5374779622866752
1,1154827345019.516,0.6441441808858578,0.8441172325992098,0.8430642189431525,1.379412161244678
1,1617650975.742339,0.6313205634165442,0.8517600036675372,0.864836527552656,1.5272298746563513
1,5866614915109623e10,0.5933680917300996,0.8147322354883361,1.0150420984322972,1.2323052132556216
1,97820797110897.89,0.6250336321892241,0.8387401438682729,0.8433212372004691,1.3137822126340806
1,39189992110970544,0.6200749518910433,0.8204546343129472,0.8547622947285263,1.2538865773550514
1,527163719.1608413,0.6725186979064018,0.7757370644829211,0.38235128634555643,0.6143641935949701
1,2760407575457.4204,0.6425544070458977,0.7875032753743101,0.5927246166905622,0.8876780593028083
1,1687277979712886e11,0.5955993373602461,0.8346255639889398,1.1132621889603802,1.3813910963316158
1,38845754596247520,0.6494556837027253,0.8175912082310447,0.7525535831715331,1.0214963435583826
1,1323826361126468.5,0.6047291932292859,0.828862593912099,0.9139575867116401,1.3952658718795923
1,8286087135302.467,0.6449994581901668,0.7938669424100524,0.6352935125870378,0.940763102381769
1,650434777562693e15,0.5806322563045154,0.845588455598631,1.2402480217902816,1.4997327526906399
1,300.4225074243576,0.6803173198201279,0.7667795715200149,0.279465456333803,0.7819665823155092
1,220648.29651606068,0.6346865184532832,0.7976326527178724,0.5282418577236796,1.102171741403287
1,779503180.9112884,0.6609124869192462,0.800090714292162,0.5155561147481159,0.8812456190764677
1,70640310705538.4,0.6283906344416221,0.8083732400828082,0.7073033673666873,1.0511207366052069
1,29143307703.50357,0.6201662536278577,0.802381882601771,0.6807600612617161,1.141926936542757
1,36265885.97278701,0.6146250375229242,0.8089997511270994,0.6695520115529783,1.251789062833905
1,2.2580673202863664,0.6557657085278724,0.7477626670834976,0.10279234584566516,0.7812706642058718
1,2735677466575827.5,0.5944832191160676,0.8246127120056765,0.9517256286823119,1.4200213579428373
1,4570435161765.978,0.6311970572682332,0.7874077234244812,0.6293708571165791,0.9735336796776585
1,73977.65769227008,0.6804625878922055,0.7898119994755817,0.36031491375602853,0.7610294964978288
1,30094959275869426e15,0.5356796945105122,0.85412815533968,1.439737867587223,1.7542445468184065
1,7010956515333886e6,0.618452354462055,0.822952875795282,0.9305564858986736,1.2001496645322096
1,5698527506604442e12,0.5782291530216442,0.8387414790679286,1.1894682576417943,1.4597510662512616
1,267989.0293467634,0.6140943081988954,0.8240383438153154,0.6976096869260894,1.4690545274324427
1,1359368781902749e3,0.6072530066680151,0.8190631554199942,0.829505147077919,1.1751585534601334
1,20320997764.44702,0.6816497136004938,0.7961772162610186,0.470994809845115,0.7219764725071633
1,10137603401185278e5,0.5862284124468251,0.8271790114469216,1.013937458123271,1.3802464937577719
1,9240515246.926962,0.5961340824692843,0.841646314867204,0.9193518908993786,1.586917012431
1,14630145557778424e3,0.5810676718244622,0.8687176007637056,1.2798472483727752,1.8782177405944118
1,4902624859684681,0.6099346321346273,0.7863215359292065,0.7444469573068694,1.0953368582263088
1,1516789969.4627728,0.6332433676911456,0.8270260221401862,0.8649550185868837,1.527543401698538
1,0.5730740745007777,0.7079956161880383,0.7704772708694482,0.01861264724664101,0.49577551613455995
1,590.7504673947043,0.702572909384985,0.7836412466807187,0.2317040851484534,0.6080032240371506
1,625.707092283827,0.6477365589460017,0.7836900169073775,0.38364514005841216,1.0490105813482615
1,5.093328746163104,0.7140082396967544,0.7856603363095986,0.12981875181112876,0.6334165018871244
1,1004078040050588e5,0.5615594363895219,0.8622403491398611,1.2904200990280115,1.8742090794192081
1,33866382433556728,0.648436914063992,0.808585366909434,0.6997922224754397,0.968252127397184
1,152369.07821537348,0.6517457409035431,0.8099757081096421,0.4965967995237448,1.0456646932491513
1,161296039600.05704,0.6119166513183564,0.8189270873207928,0.7886251404074495,1.3144161066819466
1,4473584846058082e13,0.5760297866720945,0.8265134232888618,1.1350788643160525,1.381381610245683
1,2.095180253728698,0.7001834143864172,0.7764540261933874,0.09007992371220418,0.656914132435434
1,27005510220.8062,0.6308672267938392,0.8241906673790979,0.7022059955098511,1.1885209480403156
1,250183290.27802384,0.6400268301016766,0.8343185600488251,0.7234697170410115,1.31329554545319
1,21894.954352697834,0.6273750427676006,0.8146978600836254,0.5609087017093749,1.2725132193150417
1,12782915434137.73,0.6227159578834296,0.8314033204646937,0.8184928032313897,1.3029468622631575
1,18.125514063218255,0.6711312384377304,0.784078824980468,0.23331319111074944,0.9355085015744825
1,381.3181991334084,0.6894516538327539,0.7794532387317338,0.2620020931657364,0.7182326475741991
1,764.0745665182776,0.6193459564586666,0.7767581927421136,0.4069382782881766,1.0935618783083296
1,114073.63666323804,0.6475320395043948,0.7893544746107776,0.4030147683463875,0.8503021554897933
1,5856003411306689e10,0.5680446914851246,0.8504233781554282,1.2726442689267257,1.650131046407838
1,31754351580982574e5,0.6012725392414914,0.861459284881793,1.1363161547504745,1.5624634491898004
1,876584.3317225764,0.6823192803830779,0.7861246290605479,0.36680818427075007,0.7198860600405047
1,877872469620424.6,0.6190521070325531,0.8288326252887431,0.8812189803845754,1.3480448866949761
1,395366338930.9958,0.6449861400264773,0.7961482272995807,0.5891377550535989,0.9335343525738652
1,0.14932029937056346,0.6924926936409388,0.7251945501719345,-0.1926557383816978,0.5477896966091691
1,248.44986168944632,0.5805496639613333,0.7519145395460233,0.39579309022472325,1.1690051534427537
1,2456876470824346e5,0.6230529216432565,0.8096681851125916,0.8310974349289804,1.061632942438662
1,25470.05562633872,0.6801836972875881,0.7883092757077617,0.34769483203023566,0.7703019552515288
1,2.6993308207517797,0.6980843404482783,0.7751421630843183,0.10812191960706798,0.7010247973429284
1,19.944537115882444,0.6957107031404698,0.7726356743802261,0.17020963762084765,0.6268652918490546
1,32915656.914624877,0.6110429691699268,0.8008455770186262,0.6732671774276584,1.2600103832156544
1,16028577386.017057,0.6109541859927162,0.8023314583503013,0.7109904316430894,1.171179489779311
1,2536.3467329694568,0.6444573334288826,0.7868628920021518,0.40076528484327595,0.9971308210737578
1,2058218.0009318206,0.6514945786527913,0.7742473160161502,0.4178621074038473,0.8096951183617331
1,53231.5297086725,0.6389750836091708,0.7929803187016112,0.47392327024027747,1.0292618812524756
1,2850192184.0773125,0.6648141832702882,0.8378754372674616,0.7011303179688589,1.220731733599216
1,628439927288652.75,0.5891473236684894,0.8235793170404315,0.9271603069527442,1.4338680936555346
1,28.871250660029272,0.6822983882839243,0.7748676112869533,0.20686612543936103,0.7496787739175311
1,745121.1522458238,0.6391122591669794,0.8334768651182314,0.6750944701642217,1.3734113617999166
1,35073.67617936347,0.6359022995372225,0.7996315013979132,0.5188290695340066,1.1454623362932956
1,373947.70783028554,0.6563658993331838,0.8294977478454033,0.6038167783811839,1.2472562058774224
1,3692495618807595e16,0.5703023685554497,0.8558285691846684,1.3584502395311502,1.656363771788038
1,22153603.639187377,0.6424557921738437,0.8344365741438832,0.7410015870391418,1.404664897816042
1,1367738184928744e15,0.5883639681248743,0.8433050643432767,1.1739524951487106,1.390411712297404
1,14632.10916681526,0.6542734160675168,0.7774090736907802,0.379260721204595,0.8577646169379676
1,688986016.8687531,0.66379651100052794,0.7862044911232765,0.4715378422730663,0.7559317500592302
1,316.3498645306024,0.6580466572776963,0.8018206034931793,0.38047457963671083,1.0749518157361506
1,27.942653281046194,0.6714823015118039,0.7854823046602705,0.2390230816770791,0.8805719185331993
1,361653.53765273653,0.5922159990328326,0.7810758179055133,0.6299398828702547,1.3052508016112037
1,0.17880446720964868,0.701661621403284,0.7432529298712263,-0.14064928205664093,0.5628779518753668
1,2342.8323347977516,0.6757291645783046,0.8174715790548893,0.43761297100229374,1.095926137458811
1,147991155095.76196,0.6058104328608956,0.8406102715504097,0.8704736054666066,1.4497854594186823
1,33977638.009836465,0.5825401361203142,0.797461595134288,0.718354476284051,1.3440124723942857
1,8667418719812354e12,0.5357402229662667,0.8456719271750313,1.3781387050394702,1.77168105193746
1,2485708458953.1074,0.6585605311973873,0.8047725985582026,0.6105493657366768,0.952435026305987
1,104300.4503465857,0.6645036222730981,0.8033977200036758,0.45592709188711755,0.9725125184139629
1,72522342266843.28,0.5865144966757483,0.8193042264627244,0.8746402163570229,1.3715876277278611
1,12281361080009784,0.5747283033152071,0.8395805369045618,1.0654373715426124,1.61833345047597
1,4158587992260341e3,0.6265702141509268,0.8114638750123747,0.8151622059637613,1.0624274910561338
1,324.63213203887693,0.6423133997243955,0.7802432885698174,0.3429184086066402,0.9793709973775542
1,747080970018.2871,0.5876739913166729,0.8403061689890513,0.9775624751262261,1.6096170773049978
1,13185760108320187e10,0.587991381112587,0.842565044309628,1.156636432628979,1.468474581581276
1,17.414347249829905,0.6518575657252662,0.7807864996574686,0.2331409779358155,0.9354029045907168
1,11047686605098343e4,0.5942248485570297,0.8155007287055628,0.9373389377935669,1.269856306537231
1,53.48021359712092,0.6912875647443146,0.7756689797236775,0.22135960158799708,0.7252499952838347
1,2.1711469728924384,0.6816368294338284,0.7578739055048566,0.09302743005659618,0.6417118504926693
1,3861890115011443e3,0.6222562347947956,0.8135217633670402,0.8014080997779226,1.0793609992499436
1,52070126992.560936,0.619747782945714,0.8027185616502039,0.6836239179807447,1.1459502981422987
1,3027.658937890491,0.6788602473476897,0.7829509640505038,0.306791936640827,0.7392419059545019
1,211227.38240168124,0.6030089463058463,0.8155999769051092,0.6681971977937968,1.414047676345037
1,164.49388973021865,0.6754264746020856,0.788263287876883,0.30388909352085497,0.9111385706909954
1,12967527476655302e4,0.593575266015554,0.8305725717550964,0.9892864620492773,1.361861244589922
1,521520444447.8338,0.5975085875083785,0.8335288211008497,0.9011245998571629,1.4857736298319761
1,144357756157.99323,0.6426836211032225,0.7998091527271673,0.5661138734951366,0.8964197069136456
1,125052553407926.42,0.6422364268625208,0.8116559823875705,0.6984328102353001,1.0617326901937643
1,3463050338883751,0.6187068497337763,0.8195774184260309,0.8344563799620444,1.1985613716345211
1,295.9185337643008,0.6969076418427225,0.7888592597748348,0.25881984951952036,0.7117222148500523
1,117546412560.25864,0.6404635451350947,0.8511773761487822,0.8689949257122408,1.458026070814543
1,493089.7521107948,0.6392222920139985,0.7862786483017938,0.48164050719448775,0.9823188867581178
1,4065141305276379,0.5389158175320443,0.8064141054489656,0.9913479149189188,1.5211330433224064
1,1749225688.6715562,0.5884777641882445,0.832484528659529,0.8998440284027167,1.5919235963727563
1,51356260880325424,0.5697699309605616,0.8285794814951026,1.0550568433185654,1.5896581489951198
1,3876.459229744084,0.6827416059724809,0.8046075340040357,0.40983353871621037,0.9977494575472399
1,3289187098.368443,0.6199232308703924,0.7930291769500449,0.6250087950192886,1.0796700069143583
1,6160235180367286e3,0.6262367728641686,0.816621372325909,0.8531681177257737,1.1608879985988436
1,1894.965906407759,0.687375173573992,0.8108751224953865,0.37717986105112794,0.9470954944434921
1,19862377505.603268,0.5551189527492254,0.8183651320567576,0.9350421582013824,1.6039888179241573
1,15774952236458699e6,0.6170008324627516,0.8181774999671276,0.896188375238394,1.1574343409557912
1,34867460994.8223,0.6642886812609976,0.7765245238783177,0.45775723092706977,0.7188776829628613
1,44269391762.02733,0.6317047634209413,0.7789034905839223,0.5470342134620718,0.8800658215589168
1,23298124341053815e11,0.5994349215180224,0.8459792390840507,1.1877526034739587,1.4681972983218357
1,71097614299438.75,0.6424662233935267,0.8160867967686192,0.7166137261879925,1.0999507173156542
1,80.64949287651154,0.6672542157362439,0.7732886011369193,0.24541289778360462,0.7676331835795199
1,28940657481180480,0.6227699455883123,0.7906440038549459,0.725491118513189,0.9981017475278607
1,846830342265.7169,0.5900408843339948,0.8587588898381557,1.0468641532751883,1.7265347648462805
1,103590434388744.03,0.6491476132709351,0.7939373304466307,0.6070049879146896,0.8614185130574468
1,3.114070136900114,0.6958605399424356,0.774148025355191,0.11760227669053193,0.7155984882467672
1,443012.771359947,0.6727624560476515,0.7755570904465116,0.3565731271375024,0.7064810572854696
1,672557918.8838196,0.6687699000513957,0.8053853916045098,0.5109548264620574,0.886428536538443
1,28421.98398126414,0.6494296538046788,0.8067579222063953,0.5233545457112523,1.1695496570801192
1,171867814901.8006,0.6710905602387996,0.781419915996098,0.4428442732184105,0.6724714762223899
1,8888367630155100,0.6043383528837432,0.8189009596031519,0.8717309558129838,1.3154081335365244
1,1806489.8426087592,0.6595157071408851,0.8083166617032268,0.5183700101940577,1.026120937250098
1,0.8505730428866078,0.6718524415760518,0.7456254962980832,0.028428151239530845,0.7088644968905057
1,14925.642760479086,0.6405767285223504,0.8052211729474575,0.5044789827635565,1.1614255868208039
1,8.12993468171466,0.7084701401875093,0.7766272463347326,0.14305830305538766,0.6186076068299823
1,2.535562628246023,0.6870637657359541,0.7726793390147052,0.10191062398387894,0.6811893766904656
1,22501989316616603e10,0.5435651755545174,0.8479743955353531,1.3317753284349059,1.760838968215458
1,2956830108240069.5,0.6490958156646658,0.8264013266050706,0.7350583147219615,1.084825532133435
1,2197.6120387591977,0.6587460893396677,0.8043448035896245,0.4294028025633371,1.0785946289547106
1,5114520365.720298,0.6053784657261019,0.8092498295270074,0.7772835444155934,1.3471324411520382
1,42279683097.2487,0.615115961013573,0.8444247553175401,0.9028942796603914,1.528745204323008
1,2730280648745519e4,0.6140390503134744,0.8412979996974366,0.9890361680446768,1.3896677128696437
1,32364217532153304,0.5307766269951953,0.8679023380897363,1.3826484504353467,2.1114119099171997
1,36860567820213.33,0.6398170702804798,0.8019702490637842,0.7326305647806838,1.1055896355464916
1,39612058.68577949,0.6688005443802004,0.773460863595654,0.3831537210647479,0.680289571016685
1,605364060068143400,0.6004643130053426,0.8118048053815812,0.9176132625334049,1.3141676168428418
1,718.054976906546,0.6933570094478034,0.7986338708344745,0.3227290140827572,0.8570474339781308
1,1311.954627791498,0.6990195648001801,0.7628739970178621,0.19241985425833183,0.46054505859674005
1,1527.8334806498005,0.6413126236362382,0.7962457457849134,0.43567754360142885,1.1167998924644418
1,2951.7799623435194,0.6416694128898449,0.8026783528980342,0.45633737099496496,1.1283246268662261
1,34592095.969948895,0.6495537748422437,0.8084964228882848,0.5766858693854583,1.0715753887522208
1,94608612.16219515,0.6498115135847032,0.7891095741918807,0.4839417930425294,0.8674449517882927
1,49956735011165916e4,0.6060001397961706,0.8077176711357681,0.8931167248929939,1.1787928017278808
1,1011902468096221.8,0.6548721787393889,0.8013691395289735,0.6428218844256054,0.9266868784023773
1,4285.52872739272,0.6305894275302043,0.8051496193937161,0.5064919970354153,1.2376203083820188
1,12017323.12079533,0.6224658923634454,0.8232087454089615,0.7065420013024487,1.3478534040395136
1,1382674.6883068488,0.6645486072459081,0.8309512902120074,0.5971936754155773,1.192710504845904
1,7630939127384825e7,0.5792424580705996,0.8600479356308866,1.233501009879644,1.6878048784334372
1,69478983.89344408,0.6428838921730324,0.7806249724368564,0.48023505386763665,0.8759000908792998
1,82657.39202924974,0.6044950133070237,0.7998166854682425,0.6255629808605944,1.3544428361987442
1,9171591611.54203,0.6336243012197313,0.8126301552473598,0.6758821729674335,1.1569407279397101
1,3459488545077.3013,0.6495376177040496,0.8000860668797404,0.6025691816714989,0.906873948446665
1,179411893494.45203,0.5718139608701563,0.8389806169781449,1.021857191439033,1.7112352028358544
1,90216.49197114215,0.6419734383635556,0.8016101897735414,0.5320581756096081,1.142582906722224
1,196.67436927721204,0.694234510477552,0.7814362274449659,0.2226671556348559,0.6225916600331564
1,139884585559319e10,0.6005122739187024,0.841507510603728,1.09614440430684,1.4074747642177416
1,4749510603.722668,0.6074617646980845,0.829204609255787,0.8313828359333321,1.453486241635735
1,11243677101603243e5,0.6263891205030351,0.8523716906917957,1.0685469953310696,1.4496153678242605
1,884520.8628746812,0.6793095706447372,0.7678321254744225,0.3190364927806788,0.5970019740132883
1,49572378.99091385,0.6365676507102181,0.8228848608755143,0.6765938588672522,1.2589342340823344
1,120.98354621888949,0.6772127337523838,0.7902327792350595,0.28541762239742147,0.8732687618594455
1,4973757875484069e3,0.6190588480089239,0.8359219823026464,0.9471215421419674,1.3423810118729065
1,1179.7368218006454,0.6493562693788263,0.7679471329997491,0.3259744503445935,0.8305148873068104
1,45.94531861729023,0.6710355843139957,0.77254155614911,0.2319442668404966,0.7810603219070871
1,2449548310.4923935,0.648634531661787,0.8141544567228219,0.6581657720416623,1.1452923943868523
1,715157.4348592268,0.6765256572416497,0.7646776007976566,0.31676020776829117,0.622828857600918
1,1203642.015682175,0.6611955741248601,0.7803322693551494,0.3836412533960217,0.7463326071430154
